date,captured_at_tw,sportsbook,game_pk,official_event_id,event_no,kickoff_tw,away_zh,home_zh,matchup_zh,market_id,market_ti,market_name,selection_id,selection_name,selection_side,selection_line,odds_decimal,pd,pu,raw_v,raw_hv,raw_cn
2026-07-02,2026-07-02T19:59:40,台灣運彩,823442,3476493.1,108,2026-07-03T00:35:00+08:00,匹茲堡海盜,費城費城人,匹茲堡海盜 @ 費城費城人,51422911.1,354,不讓分,252776982.1,費城費城人,H,,1.63,100,63,H,,1
2026-07-02,2026-07-02T19:59:40,台灣運彩,823442,3476493.1,108,2026-07-03T00:35:00+08:00,匹茲堡海盜,費城費城人,匹茲堡海盜 @ 費城費城人,51422911.1,354,不讓分,252776983.1,匹茲堡海盜,A,,1.87,100,87,A,,2
2026-07-02,2026-07-02T19:59:40,台灣運彩,823442,3476493.1,108,2026-07-03T00:35:00+08:00,匹茲堡海盜,費城費城人,匹茲堡海盜 @ 費城費城人,51422918.1,357,勝分差,252776999.1,匹茲堡海盜 1 分,A,,6.50,2,11,A,,
2026-07-02,2026-07-02T19:59:40,台灣運彩,823442,3476493.1,108,2026-07-03T00:35:00+08:00,匹茲堡海盜,費城費城人,匹茲堡海盜 @ 費城費城人,51422918.1,357,勝分差,252777000.1,匹茲堡海盜 2 分,A,,8.00,1,7,A,,
2026-07-02,2026-07-02T19:59:40,台灣運彩,823442,3476493.1,108,2026-07-03T00:35:00+08:00,匹茲堡海盜,費城費城人,匹茲堡海盜 @ 費城費城人,51422918.1,357,勝分差,252777001.1,匹茲堡海盜 > 2分,A,,2.55,20,31,A,,
2026-07-02,2026-07-02T19:59:40,台灣運彩,823442,3476493.1,108,2026-07-03T00:35:00+08:00,匹茲堡海盜,費城費城人,匹茲堡海盜 @ 費城費城人,51422918.1,357,勝分差,252776996.1,費城費城人 1 分,H,,4.25,4,13,H,,
2026-07-02,2026-07-02T19:59:40,台灣運彩,823442,3476493.1,108,2026-07-03T00:35:00+08:00,匹茲堡海盜,費城費城人,匹茲堡海盜 @ 費城費城人,51422918.1,357,勝分差,252776997.1,費城費城人 2 分,H,,7.75,4,27,H,,
2026-07-02,2026-07-02T19:59:40,台灣運彩,823442,3476493.1,108,2026-07-03T00:35:00+08:00,匹茲堡海盜,費城費城人,匹茲堡海盜 @ 費城費城人,51422918.1,357,勝分差,252776998.1,費城費城人 > 2分,H,,2.40,5,7,H,,
2026-07-02,2026-07-02T19:59:40,台灣運彩,823442,3476493.1,108,2026-07-03T00:35:00+08:00,匹茲堡海盜,費城費城人,匹茲堡海盜 @ 費城費城人,51422914.1,358,讓分 -1.5,252776988.1,費城費城人 -1.5,H,-1.5,2.05,20,21,H,-1.5,1
2026-07-02,2026-07-02T19:59:40,台灣運彩,823442,3476493.1,108,2026-07-03T00:35:00+08:00,匹茲堡海盜,費城費城人,匹茲堡海盜 @ 費城費城人,51422914.1,358,讓分 -1.5,252776989.1,匹茲堡海盜 +1.5,A,-1.5,1.48,25,12,A,-1.5,2
2026-07-02,2026-07-02T19:59:40,台灣運彩,823442,3476493.1,108,2026-07-03T00:35:00+08:00,匹茲堡海盜,費城費城人,匹茲堡海盜 @ 費城費城人,51423765.1,360,[總分]大小 10.5,252779276.1,大 10.5,A,10.5,1.78,50,39,A,10.5,
2026-07-02,2026-07-02T19:59:40,台灣運彩,823442,3476493.1,108,2026-07-03T00:35:00+08:00,匹茲堡海盜,費城費城人,匹茲堡海盜 @ 費城費城人,51423765.1,360,[總分]大小 10.5,252779275.1,小 10.5,H,10.5,1.72,25,18,H,10.5,
2026-07-02,2026-07-02T19:59:40,台灣運彩,823442,3476493.1,108,2026-07-03T00:35:00+08:00,匹茲堡海盜,費城費城人,匹茲堡海盜 @ 費城費城人,51423919.1,362,費城費城人 大小 5.5,252779756.1,大 5.5,A,5.5,1.86,50,43,A,5.5,
2026-07-02,2026-07-02T19:59:40,台灣運彩,823442,3476493.1,108,2026-07-03T00:35:00+08:00,匹茲堡海盜,費城費城人,匹茲堡海盜 @ 費城費城人,51423919.1,362,費城費城人 大小 5.5,252779755.1,小 5.5,H,5.5,1.58,50,29,H,5.5,
2026-07-02,2026-07-02T19:59:40,台灣運彩,823442,3476493.1,108,2026-07-03T00:35:00+08:00,匹茲堡海盜,費城費城人,匹茲堡海盜 @ 費城費城人,51422917.1,363,匹茲堡海盜 大小 4.5,252776995.1,大 4.5,A,4.5,1.62,50,31,A,4.5,
2026-07-02,2026-07-02T19:59:40,台灣運彩,823442,3476493.1,108,2026-07-03T00:35:00+08:00,匹茲堡海盜,費城費城人,匹茲堡海盜 @ 費城費城人,51422917.1,363,匹茲堡海盜 大小 4.5,252776994.1,小 4.5,H,4.5,1.82,50,41,H,4.5,
2026-07-02,2026-07-02T19:59:40,台灣運彩,823442,3476493.1,108,2026-07-03T00:35:00+08:00,匹茲堡海盜,費城費城人,匹茲堡海盜 @ 費城費城人,51422913.1,366,[總分]單雙,252776987.1,單,,,1.46,50,23,,,
2026-07-02,2026-07-02T19:59:40,台灣運彩,823442,3476493.1,108,2026-07-03T00:35:00+08:00,匹茲堡海盜,費城費城人,匹茲堡海盜 @ 費城費城人,51422913.1,366,[總分]單雙,252776986.1,雙,,,1.93,100,93,,,
2026-07-02,2026-07-02T19:59:40,台灣運彩,823442,3476493.1,108,2026-07-03T00:35:00+08:00,匹茲堡海盜,費城費城人,匹茲堡海盜 @ 費城費城人,51423433.1,374,得分最高單局(不含延長賽),252778431.1,一樣多,,,2.40,5,7,,,
2026-07-02,2026-07-02T19:59:40,台灣運彩,823442,3476493.1,108,2026-07-03T00:35:00+08:00,匹茲堡海盜,費城費城人,匹茲堡海盜 @ 費城費城人,51423433.1,374,得分最高單局(不含延長賽),252778422.1,第1局,,,5.55,20,91,,,
2026-07-02,2026-07-02T19:59:40,台灣運彩,823442,3476493.1,108,2026-07-03T00:35:00+08:00,匹茲堡海盜,費城費城人,匹茲堡海盜 @ 費城費城人,51423433.1,374,得分最高單局(不含延長賽),252778423.1,第2局,,,6.75,4,23,,,
2026-07-02,2026-07-02T19:59:40,台灣運彩,823442,3476493.1,108,2026-07-03T00:35:00+08:00,匹茲堡海盜,費城費城人,匹茲堡海盜 @ 費城費城人,51423433.1,374,得分最高單局(不含延長賽),252778424.1,第3局,,,5.95,20,99,,,
2026-07-02,2026-07-02T19:59:40,台灣運彩,823442,3476493.1,108,2026-07-03T00:35:00+08:00,匹茲堡海盜,費城費城人,匹茲堡海盜 @ 費城費城人,51423433.1,374,得分最高單局(不含延長賽),252778425.1,第4局,,,6.50,2,11,,,
2026-07-02,2026-07-02T19:59:40,台灣運彩,823442,3476493.1,108,2026-07-03T00:35:00+08:00,匹茲堡海盜,費城費城人,匹茲堡海盜 @ 費城費城人,51423433.1,374,得分最高單局(不含延長賽),252778426.1,第5局,,,4.10,10,31,,,
2026-07-02,2026-07-02T19:59:40,台灣運彩,823442,3476493.1,108,2026-07-03T00:35:00+08:00,匹茲堡海盜,費城費城人,匹茲堡海盜 @ 費城費城人,51423433.1,374,得分最高單局(不含延長賽),252778427.1,第6局,,,6.25,4,21,,,
2026-07-02,2026-07-02T19:59:40,台灣運彩,823442,3476493.1,108,2026-07-03T00:35:00+08:00,匹茲堡海盜,費城費城人,匹茲堡海盜 @ 費城費城人,51423433.1,374,得分最高單局(不含延長賽),252778428.1,第7局,,,6.25,4,21,,,
2026-07-02,2026-07-02T19:59:40,台灣運彩,823442,3476493.1,108,2026-07-03T00:35:00+08:00,匹茲堡海盜,費城費城人,匹茲堡海盜 @ 費城費城人,51423433.1,374,得分最高單局(不含延長賽),252778429.1,第8局,,,6.25,4,21,,,
2026-07-02,2026-07-02T19:59:40,台灣運彩,823442,3476493.1,108,2026-07-03T00:35:00+08:00,匹茲堡海盜,費城費城人,匹茲堡海盜 @ 費城費城人,51423433.1,374,得分最高單局(不含延長賽),252778430.1,第9局,,,8.00,1,7,,,
2026-07-02,2026-07-02T19:59:40,台灣運彩,823442,3476493.1,108,2026-07-03T00:35:00+08:00,匹茲堡海盜,費城費城人,匹茲堡海盜 @ 費城費城人,51423432.1,376,[1-5局] 不讓分,252778419.1,費城費城人,H,,1.70,10,7,H,,1
2026-07-02,2026-07-02T19:59:40,台灣運彩,823442,3476493.1,108,2026-07-03T00:35:00+08:00,匹茲堡海盜,費城費城人,匹茲堡海盜 @ 費城費城人,51423432.1,376,[1-5局] 不讓分,252778421.1,匹茲堡海盜,A,,1.90,10,9,A,,2
2026-07-02,2026-07-02T19:59:40,台灣運彩,823442,3476493.1,108,2026-07-03T00:35:00+08:00,匹茲堡海盜,費城費城人,匹茲堡海盜 @ 費城費城人,51423432.1,376,[1-5局] 不讓分,252778420.1,和局,D,,5.40,5,22,D,,
2026-07-02,2026-07-02T19:59:40,台灣運彩,823442,3476493.1,108,2026-07-03T00:35:00+08:00,匹茲堡海盜,費城費城人,匹茲堡海盜 @ 費城費城人,51423429.1,378,[1-5局] 大小 5.5,252778413.1,大 5.5,A,5.5,1.63,100,63,A,5.5,
2026-07-02,2026-07-02T19:59:40,台灣運彩,823442,3476493.1,108,2026-07-03T00:35:00+08:00,匹茲堡海盜,費城費城人,匹茲堡海盜 @ 費城費城人,51423429.1,378,[1-5局] 大小 5.5,252778412.1,小 5.5,H,5.5,1.70,10,7,H,5.5,
2026-07-02,2026-07-02T19:59:40,台灣運彩,823442,3476493.1,108,2026-07-03T00:35:00+08:00,匹茲堡海盜,費城費城人,匹茲堡海盜 @ 費城費城人,51423427.1,379,[1-5局] 費城費城人 大小 2.5,252778409.1,大 2.5,A,2.5,1.63,100,63,A,2.5,
2026-07-02,2026-07-02T19:59:40,台灣運彩,823442,3476493.1,108,2026-07-03T00:35:00+08:00,匹茲堡海盜,費城費城人,匹茲堡海盜 @ 費城費城人,51423427.1,379,[1-5局] 費城費城人 大小 2.5,252778408.1,小 2.5,H,2.5,1.80,5,4,H,2.5,
2026-07-02,2026-07-02T19:59:40,台灣運彩,823442,3476493.1,108,2026-07-03T00:35:00+08:00,匹茲堡海盜,費城費城人,匹茲堡海盜 @ 費城費城人,51423428.1,380,[1-5局] 匹茲堡海盜 大小 2.5,252778411.1,大 2.5,A,2.5,1.78,50,39,A,2.5,
2026-07-02,2026-07-02T19:59:40,台灣運彩,823442,3476493.1,108,2026-07-03T00:35:00+08:00,匹茲堡海盜,費城費城人,匹茲堡海盜 @ 費城費城人,51423428.1,380,[1-5局] 匹茲堡海盜 大小 2.5,252778410.1,小 2.5,H,2.5,1.65,20,13,H,2.5,
2026-07-02,2026-07-02T19:59:40,台灣運彩,823442,3476493.1,108,2026-07-03T00:35:00+08:00,匹茲堡海盜,費城費城人,匹茲堡海盜 @ 費城費城人,51423430.1,389,[第1局] 不讓分,252778414.1,費城費城人,H,,2.60,5,8,H,,1
2026-07-02,2026-07-02T19:59:40,台灣運彩,823442,3476493.1,108,2026-07-03T00:35:00+08:00,匹茲堡海盜,費城費城人,匹茲堡海盜 @ 費城費城人,51423430.1,389,[第1局] 不讓分,252778416.1,匹茲堡海盜,A,,3.05,20,41,A,,2
2026-07-02,2026-07-02T19:59:40,台灣運彩,823442,3476493.1,108,2026-07-03T00:35:00+08:00,匹茲堡海盜,費城費城人,匹茲堡海盜 @ 費城費城人,51423430.1,389,[第1局] 不讓分,252778415.1,和局,D,,1.70,10,7,D,,
2026-07-02,2026-07-02T19:59:40,台灣運彩,823442,3476493.1,108,2026-07-03T00:35:00+08:00,匹茲堡海盜,費城費城人,匹茲堡海盜 @ 費城費城人,51423431.1,398,[第1局] 大小 0.5,252778418.1,大 0.5,A,0.5,1.52,25,13,A,0.5,
2026-07-02,2026-07-02T19:59:40,台灣運彩,823442,3476493.1,108,2026-07-03T00:35:00+08:00,匹茲堡海盜,費城費城人,匹茲堡海盜 @ 費城費城人,51423431.1,398,[第1局] 大小 0.5,252778417.1,小 0.5,H,0.5,1.83,100,83,H,0.5,
2026-07-02,2026-07-02T19:59:40,台灣運彩,823765,3476495.1,109,2026-07-03T02:10:00+08:00,辛辛那提紅人,密爾瓦基釀酒人,辛辛那提紅人 @ 密爾瓦基釀酒人,51422925.1,354,不讓分,252777018.1,密爾瓦基釀酒人,H,,1.38,50,19,H,,1
2026-07-02,2026-07-02T19:59:40,台灣運彩,823765,3476495.1,109,2026-07-03T02:10:00+08:00,辛辛那提紅人,密爾瓦基釀酒人,辛辛那提紅人 @ 密爾瓦基釀酒人,51422925.1,354,不讓分,252777019.1,辛辛那堤紅人,A,,2.33,100,133,A,,2
2026-07-02,2026-07-02T19:59:40,台灣運彩,823765,3476495.1,109,2026-07-03T02:10:00+08:00,辛辛那提紅人,密爾瓦基釀酒人,辛辛那提紅人 @ 密爾瓦基釀酒人,51422934.1,357,勝分差,252777036.1,密爾瓦基釀酒人 1 分,H,,3.50,2,5,H,,
2026-07-02,2026-07-02T19:59:40,台灣運彩,823765,3476495.1,109,2026-07-03T02:10:00+08:00,辛辛那提紅人,密爾瓦基釀酒人,辛辛那提紅人 @ 密爾瓦基釀酒人,51422934.1,357,勝分差,252777037.1,密爾瓦基釀酒人 2 分,H,,5.85,20,97,H,,
2026-07-02,2026-07-02T19:59:40,台灣運彩,823765,3476495.1,109,2026-07-03T02:10:00+08:00,辛辛那提紅人,密爾瓦基釀酒人,辛辛那提紅人 @ 密爾瓦基釀酒人,51422934.1,357,勝分差,252777038.1,密爾瓦基釀酒人 > 2分,H,,2.25,4,5,H,,
2026-07-02,2026-07-02T19:59:40,台灣運彩,823765,3476495.1,109,2026-07-03T02:10:00+08:00,辛辛那提紅人,密爾瓦基釀酒人,辛辛那提紅人 @ 密爾瓦基釀酒人,51422934.1,357,勝分差,252777039.1,辛辛那堤紅人 1 分,A,,5.35,20,87,A,,
2026-07-02,2026-07-02T19:59:40,台灣運彩,823765,3476495.1,109,2026-07-03T02:10:00+08:00,辛辛那提紅人,密爾瓦基釀酒人,辛辛那提紅人 @ 密爾瓦基釀酒人,51422934.1,357,勝分差,252777040.1,辛辛那堤紅人 2 分,A,,8.25,4,29,A,,
2026-07-02,2026-07-02T19:59:40,台灣運彩,823765,3476495.1,109,2026-07-03T02:10:00+08:00,辛辛那提紅人,密爾瓦基釀酒人,辛辛那提紅人 @ 密爾瓦基釀酒人,51422934.1,357,勝分差,252777041.1,辛辛那堤紅人 > 2分,A,,4.15,20,63,A,,
2026-07-02,2026-07-02T19:59:40,台灣運彩,823765,3476495.1,109,2026-07-03T02:10:00+08:00,辛辛那提紅人,密爾瓦基釀酒人,辛辛那提紅人 @ 密爾瓦基釀酒人,51422926.1,358,讓分 -1.5,252777020.1,密爾瓦基釀酒人 -1.5,H,-1.5,1.88,25,22,H,-1.5,1
2026-07-02,2026-07-02T19:59:40,台灣運彩,823765,3476495.1,109,2026-07-03T02:10:00+08:00,辛辛那提紅人,密爾瓦基釀酒人,辛辛那提紅人 @ 密爾瓦基釀酒人,51422926.1,358,讓分 -1.5,252777021.1,辛辛那堤紅人 +1.5,A,-1.5,1.62,50,31,A,-1.5,2
2026-07-02,2026-07-02T19:59:40,台灣運彩,823765,3476495.1,109,2026-07-03T02:10:00+08:00,辛辛那提紅人,密爾瓦基釀酒人,辛辛那提紅人 @ 密爾瓦基釀酒人,51422933.1,358,讓分 -2.5,252777034.1,密爾瓦基釀酒人 -2.5,H,-2.5,2.40,5,7,H,-2.5,1
2026-07-02,2026-07-02T19:59:40,台灣運彩,823765,3476495.1,109,2026-07-03T02:10:00+08:00,辛辛那提紅人,密爾瓦基釀酒人,辛辛那提紅人 @ 密爾瓦基釀酒人,51422933.1,358,讓分 -2.5,252777035.1,辛辛那堤紅人 +2.5,A,-2.5,1.36,25,9,A,-2.5,2
2026-07-02,2026-07-02T19:59:40,台灣運彩,823765,3476495.1,109,2026-07-03T02:10:00+08:00,辛辛那提紅人,密爾瓦基釀酒人,辛辛那提紅人 @ 密爾瓦基釀酒人,51422928.1,360,[總分]大小 6.5,252777025.1,大 6.5,A,6.5,1.68,25,17,A,6.5,
2026-07-02,2026-07-02T19:59:40,台灣運彩,823765,3476495.1,109,2026-07-03T02:10:00+08:00,辛辛那提紅人,密爾瓦基釀酒人,辛辛那提紅人 @ 密爾瓦基釀酒人,51422928.1,360,[總分]大小 6.5,252777024.1,小 6.5,H,6.5,1.82,50,41,H,6.5,
2026-07-02,2026-07-02T19:59:40,台灣運彩,823765,3476495.1,109,2026-07-03T02:10:00+08:00,辛辛那提紅人,密爾瓦基釀酒人,辛辛那提紅人 @ 密爾瓦基釀酒人,51422930.1,360,[總分]大小 7.5,252777029.1,大 7.5,A,7.5,2.07,100,107,A,7.5,
2026-07-02,2026-07-02T19:59:40,台灣運彩,823765,3476495.1,109,2026-07-03T02:10:00+08:00,辛辛那提紅人,密爾瓦基釀酒人,辛辛那提紅人 @ 密爾瓦基釀酒人,51422930.1,360,[總分]大小 7.5,252777028.1,小 7.5,H,7.5,1.46,50,23,H,7.5,
2026-07-02,2026-07-02T19:59:40,台灣運彩,823765,3476495.1,109,2026-07-03T02:10:00+08:00,辛辛那提紅人,密爾瓦基釀酒人,辛辛那提紅人 @ 密爾瓦基釀酒人,51422932.1,360,[總分]大小 5.5,252777033.1,大 5.5,A,5.5,1.45,20,9,A,5.5,
2026-07-02,2026-07-02T19:59:40,台灣運彩,823765,3476495.1,109,2026-07-03T02:10:00+08:00,辛辛那提紅人,密爾瓦基釀酒人,辛辛那提紅人 @ 密爾瓦基釀酒人,51422932.1,360,[總分]大小 5.5,252777032.1,小 5.5,H,5.5,2.10,10,11,H,5.5,
2026-07-02,2026-07-02T19:59:40,台灣運彩,823765,3476495.1,109,2026-07-03T02:10:00+08:00,辛辛那提紅人,密爾瓦基釀酒人,辛辛那提紅人 @ 密爾瓦基釀酒人,51422929.1,362,密爾瓦基釀酒人 大小 3.5,252777027.1,大 3.5,A,3.5,1.66,50,33,A,3.5,
2026-07-02,2026-07-02T19:59:40,台灣運彩,823765,3476495.1,109,2026-07-03T02:10:00+08:00,辛辛那提紅人,密爾瓦基釀酒人,辛辛那提紅人 @ 密爾瓦基釀酒人,51422929.1,362,密爾瓦基釀酒人 大小 3.5,252777026.1,小 3.5,H,3.5,1.76,25,19,H,3.5,
2026-07-02,2026-07-02T19:59:40,台灣運彩,823765,3476495.1,109,2026-07-03T02:10:00+08:00,辛辛那提紅人,密爾瓦基釀酒人,辛辛那提紅人 @ 密爾瓦基釀酒人,51422927.1,363,辛辛那堤紅人 大小 2.5,252777023.1,大 2.5,A,2.5,1.73,100,73,A,2.5,
2026-07-02,2026-07-02T19:59:40,台灣運彩,823765,3476495.1,109,2026-07-03T02:10:00+08:00,辛辛那提紅人,密爾瓦基釀酒人,辛辛那提紅人 @ 密爾瓦基釀酒人,51422927.1,363,辛辛那堤紅人 大小 2.5,252777022.1,小 2.5,H,2.5,1.70,10,7,H,2.5,
2026-07-02,2026-07-02T19:59:40,台灣運彩,823765,3476495.1,109,2026-07-03T02:10:00+08:00,辛辛那提紅人,密爾瓦基釀酒人,辛辛那提紅人 @ 密爾瓦基釀酒人,51422924.1,366,[總分]單雙,252777017.1,單,,,1.45,20,9,,,
2026-07-02,2026-07-02T19:59:40,台灣運彩,823765,3476495.1,109,2026-07-03T02:10:00+08:00,辛辛那提紅人,密爾瓦基釀酒人,辛辛那提紅人 @ 密爾瓦基釀酒人,51422924.1,366,[總分]單雙,252777016.1,雙,,,2.07,100,107,,,
2026-07-02,2026-07-02T19:59:40,台灣運彩,823765,3476495.1,109,2026-07-03T02:10:00+08:00,辛辛那提紅人,密爾瓦基釀酒人,辛辛那提紅人 @ 密爾瓦基釀酒人,51423375.1,374,得分最高單局(不含延長賽),252778274.1,一樣多,,,2.15,20,23,,,
2026-07-02,2026-07-02T19:59:40,台灣運彩,823765,3476495.1,109,2026-07-03T02:10:00+08:00,辛辛那提紅人,密爾瓦基釀酒人,辛辛那提紅人 @ 密爾瓦基釀酒人,51423375.1,374,得分最高單局(不含延長賽),252778265.1,第1局,,,5.65,20,93,,,
2026-07-02,2026-07-02T19:59:40,台灣運彩,823765,3476495.1,109,2026-07-03T02:10:00+08:00,辛辛那提紅人,密爾瓦基釀酒人,辛辛那提紅人 @ 密爾瓦基釀酒人,51423375.1,374,得分最高單局(不含延長賽),252778266.1,第2局,,,6.75,4,23,,,
2026-07-02,2026-07-02T19:59:40,台灣運彩,823765,3476495.1,109,2026-07-03T02:10:00+08:00,辛辛那提紅人,密爾瓦基釀酒人,辛辛那提紅人 @ 密爾瓦基釀酒人,51423375.1,374,得分最高單局(不含延長賽),252778267.1,第3局,,,6.00,1,5,,,
2026-07-02,2026-07-02T19:59:40,台灣運彩,823765,3476495.1,109,2026-07-03T02:10:00+08:00,辛辛那提紅人,密爾瓦基釀酒人,辛辛那提紅人 @ 密爾瓦基釀酒人,51423375.1,374,得分最高單局(不含延長賽),252778268.1,第4局,,,6.50,2,11,,,
2026-07-02,2026-07-02T19:59:40,台灣運彩,823765,3476495.1,109,2026-07-03T02:10:00+08:00,辛辛那提紅人,密爾瓦基釀酒人,辛辛那提紅人 @ 密爾瓦基釀酒人,51423375.1,374,得分最高單局(不含延長賽),252778269.1,第5局,,,6.25,4,21,,,
2026-07-02,2026-07-02T19:59:40,台灣運彩,823765,3476495.1,109,2026-07-03T02:10:00+08:00,辛辛那提紅人,密爾瓦基釀酒人,辛辛那提紅人 @ 密爾瓦基釀酒人,51423375.1,374,得分最高單局(不含延長賽),252778270.1,第6局,,,5.55,20,91,,,
2026-07-02,2026-07-02T19:59:40,台灣運彩,823765,3476495.1,109,2026-07-03T02:10:00+08:00,辛辛那提紅人,密爾瓦基釀酒人,辛辛那提紅人 @ 密爾瓦基釀酒人,51423375.1,374,得分最高單局(不含延長賽),252778271.1,第7局,,,5.90,10,49,,,
2026-07-02,2026-07-02T19:59:40,台灣運彩,823765,3476495.1,109,2026-07-03T02:10:00+08:00,辛辛那提紅人,密爾瓦基釀酒人,辛辛那提紅人 @ 密爾瓦基釀酒人,51423375.1,374,得分最高單局(不含延長賽),252778272.1,第8局,,,5.50,2,9,,,
2026-07-02,2026-07-02T19:59:40,台灣運彩,823765,3476495.1,109,2026-07-03T02:10:00+08:00,辛辛那提紅人,密爾瓦基釀酒人,辛辛那提紅人 @ 密爾瓦基釀酒人,51423375.1,374,得分最高單局(不含延長賽),252778273.1,第9局,,,8.00,1,7,,,
2026-07-02,2026-07-02T19:59:40,台灣運彩,823765,3476495.1,109,2026-07-03T02:10:00+08:00,辛辛那提紅人,密爾瓦基釀酒人,辛辛那提紅人 @ 密爾瓦基釀酒人,51423374.1,376,[1-5局] 不讓分,252778262.1,密爾瓦基釀酒人,H,,1.55,20,11,H,,1
2026-07-02,2026-07-02T19:59:40,台灣運彩,823765,3476495.1,109,2026-07-03T02:10:00+08:00,辛辛那提紅人,密爾瓦基釀酒人,辛辛那提紅人 @ 密爾瓦基釀酒人,51423374.1,376,[1-5局] 不讓分,252778264.1,辛辛那堤紅人,A,,2.50,2,3,A,,2
2026-07-02,2026-07-02T19:59:40,台灣運彩,823765,3476495.1,109,2026-07-03T02:10:00+08:00,辛辛那提紅人,密爾瓦基釀酒人,辛辛那提紅人 @ 密爾瓦基釀酒人,51423374.1,376,[1-5局] 不讓分,252778263.1,和局,D,,3.80,5,14,D,,
2026-07-02,2026-07-02T19:59:40,台灣運彩,823765,3476495.1,109,2026-07-03T02:10:00+08:00,辛辛那提紅人,密爾瓦基釀酒人,辛辛那提紅人 @ 密爾瓦基釀酒人,51423372.1,378,[1-5局] 大小 3.5,252778258.1,大 3.5,A,3.5,1.73,100,73,A,3.5,
2026-07-02,2026-07-02T19:59:40,台灣運彩,823765,3476495.1,109,2026-07-03T02:10:00+08:00,辛辛那提紅人,密爾瓦基釀酒人,辛辛那提紅人 @ 密爾瓦基釀酒人,51423372.1,378,[1-5局] 大小 3.5,252778257.1,小 3.5,H,3.5,1.60,5,3,H,3.5,
2026-07-02,2026-07-02T19:59:40,台灣運彩,823765,3476495.1,109,2026-07-03T02:10:00+08:00,辛辛那提紅人,密爾瓦基釀酒人,辛辛那提紅人 @ 密爾瓦基釀酒人,51423370.1,379,[1-5局] 密爾瓦基釀酒人 大小 1.5,252778254.1,大 1.5,A,1.5,1.56,25,14,A,1.5,
2026-07-02,2026-07-02T19:59:40,台灣運彩,823765,3476495.1,109,2026-07-03T02:10:00+08:00,辛辛那提紅人,密爾瓦基釀酒人,辛辛那提紅人 @ 密爾瓦基釀酒人,51423370.1,379,[1-5局] 密爾瓦基釀酒人 大小 1.5,252778253.1,小 1.5,H,1.5,1.88,25,22,H,1.5,
2026-07-02,2026-07-02T19:59:40,台灣運彩,823765,3476495.1,109,2026-07-03T02:10:00+08:00,辛辛那提紅人,密爾瓦基釀酒人,辛辛那提紅人 @ 密爾瓦基釀酒人,51423534.1,380,[1-5局] 辛辛那堤紅人 大小 0.5,252778729.1,大 0.5,A,0.5,1.42,50,21,A,0.5,
2026-07-02,2026-07-02T19:59:40,台灣運彩,823765,3476495.1,109,2026-07-03T02:10:00+08:00,辛辛那提紅人,密爾瓦基釀酒人,辛辛那提紅人 @ 密爾瓦基釀酒人,51423534.1,380,[1-5局] 辛辛那堤紅人 大小 0.5,252778728.1,小 0.5,H,0.5,2.15,20,23,H,0.5,
2026-07-02,2026-07-02T19:59:40,台灣運彩,823765,3476495.1,109,2026-07-03T02:10:00+08:00,辛辛那提紅人,密爾瓦基釀酒人,辛辛那提紅人 @ 密爾瓦基釀酒人,51423373.1,389,[第1局] 不讓分,252778259.1,密爾瓦基釀酒人,H,,2.80,5,9,H,,1
2026-07-02,2026-07-02T19:59:40,台灣運彩,823765,3476495.1,109,2026-07-03T02:10:00+08:00,辛辛那提紅人,密爾瓦基釀酒人,辛辛那提紅人 @ 密爾瓦基釀酒人,51423373.1,389,[第1局] 不讓分,252778261.1,辛辛那堤紅人,A,,4.55,20,71,A,,2
2026-07-02,2026-07-02T19:59:40,台灣運彩,823765,3476495.1,109,2026-07-03T02:10:00+08:00,辛辛那提紅人,密爾瓦基釀酒人,辛辛那提紅人 @ 密爾瓦基釀酒人,51423373.1,389,[第1局] 不讓分,252778260.1,和局,D,,1.40,5,2,D,,
2026-07-02,2026-07-02T19:59:40,台灣運彩,823765,3476495.1,109,2026-07-03T02:10:00+08:00,辛辛那提紅人,密爾瓦基釀酒人,辛辛那提紅人 @ 密爾瓦基釀酒人,51423371.1,398,[第1局] 大小 0.5,252778256.1,大 0.5,A,0.5,1.93,100,93,A,0.5,
2026-07-02,2026-07-02T19:59:40,台灣運彩,823765,3476495.1,109,2026-07-03T02:10:00+08:00,辛辛那提紅人,密爾瓦基釀酒人,辛辛那提紅人 @ 密爾瓦基釀酒人,51423371.1,398,[第1局] 大小 0.5,252778255.1,小 0.5,H,0.5,1.46,50,23,H,0.5,
2026-07-02,2026-07-02T19:59:40,台灣運彩,824335,3476517.1,115,2026-07-03T03:10:00+08:00,邁阿密馬林魚,科羅拉多洛磯,邁阿密馬林魚 @ 科羅拉多洛磯,51423214.1,354,不讓分,252777775.1,科羅拉多落磯,H,,1.88,25,22,H,,1
2026-07-02,2026-07-02T19:59:40,台灣運彩,824335,3476517.1,115,2026-07-03T03:10:00+08:00,邁阿密馬林魚,科羅拉多洛磯,邁阿密馬林魚 @ 科羅拉多洛磯,51423214.1,354,不讓分,252777776.1,邁阿密馬林魚,A,,1.62,50,31,A,,2
2026-07-02,2026-07-02T19:59:40,台灣運彩,824335,3476517.1,115,2026-07-03T03:10:00+08:00,邁阿密馬林魚,科羅拉多洛磯,邁阿密馬林魚 @ 科羅拉多洛磯,51423235.1,357,勝分差,252777821.1,科羅拉多落磯 1 分,H,,4.70,10,37,H,,
2026-07-02,2026-07-02T19:59:40,台灣運彩,824335,3476517.1,115,2026-07-03T03:10:00+08:00,邁阿密馬林魚,科羅拉多洛磯,邁阿密馬林魚 @ 科羅拉多洛磯,51423235.1,357,勝分差,252777822.1,科羅拉多落磯 2 分,H,,8.75,4,31,H,,
2026-07-02,2026-07-02T19:59:40,台灣運彩,824335,3476517.1,115,2026-07-03T03:10:00+08:00,邁阿密馬林魚,科羅拉多洛磯,邁阿密馬林魚 @ 科羅拉多洛磯,51423235.1,357,勝分差,252777823.1,科羅拉多落磯 > 2分,H,,2.75,4,7,H,,
2026-07-02,2026-07-02T19:59:40,台灣運彩,824335,3476517.1,115,2026-07-03T03:10:00+08:00,邁阿密馬林魚,科羅拉多洛磯,邁阿密馬林魚 @ 科羅拉多洛磯,51423235.1,357,勝分差,252777824.1,邁阿密馬林魚 1 分,A,,6.75,4,23,A,,
2026-07-02,2026-07-02T19:59:40,台灣運彩,824335,3476517.1,115,2026-07-03T03:10:00+08:00,邁阿密馬林魚,科羅拉多洛磯,邁阿密馬林魚 @ 科羅拉多洛磯,51423235.1,357,勝分差,252777825.1,邁阿密馬林魚 2 分,A,,7.75,4,27,A,,
2026-07-02,2026-07-02T19:59:40,台灣運彩,824335,3476517.1,115,2026-07-03T03:10:00+08:00,邁阿密馬林魚,科羅拉多洛磯,邁阿密馬林魚 @ 科羅拉多洛磯,51423235.1,357,勝分差,252777826.1,邁阿密馬林魚 > 2分,A,,2.10,10,11,A,,
2026-07-02,2026-07-02T19:59:40,台灣運彩,824335,3476517.1,115,2026-07-03T03:10:00+08:00,邁阿密馬林魚,科羅拉多洛磯,邁阿密馬林魚 @ 科羅拉多洛磯,51423231.1,358,讓分 2.5,252777813.1,科羅拉多落磯 +2.5,H,2.5,1.42,50,21,H,2.5,1
2026-07-02,2026-07-02T19:59:40,台灣運彩,824335,3476517.1,115,2026-07-03T03:10:00+08:00,邁阿密馬林魚,科羅拉多洛磯,邁阿密馬林魚 @ 科羅拉多洛磯,51423231.1,358,讓分 2.5,252777814.1,邁阿密馬林魚 -2.5,A,2.5,2.20,5,6,A,2.5,2
2026-07-02,2026-07-02T19:59:40,台灣運彩,824335,3476517.1,115,2026-07-03T03:10:00+08:00,邁阿密馬林魚,科羅拉多洛磯,邁阿密馬林魚 @ 科羅拉多洛磯,51423232.1,358,讓分 1.5,252777815.1,科羅拉多落磯 +1.5,H,1.5,1.60,5,3,H,1.5,1
2026-07-02,2026-07-02T19:59:40,台灣運彩,824335,3476517.1,115,2026-07-03T03:10:00+08:00,邁阿密馬林魚,科羅拉多洛磯,邁阿密馬林魚 @ 科羅拉多洛磯,51423232.1,358,讓分 1.5,252777816.1,邁阿密馬林魚 -1.5,A,1.5,1.90,10,9,A,1.5,2
2026-07-02,2026-07-02T19:59:40,台灣運彩,824335,3476517.1,115,2026-07-03T03:10:00+08:00,邁阿密馬林魚,科羅拉多洛磯,邁阿密馬林魚 @ 科羅拉多洛磯,51423228.1,360,[總分]大小 13.5,252777808.1,大 13.5,A,13.5,2.10,10,11,A,13.5,
2026-07-02,2026-07-02T19:59:40,台灣運彩,824335,3476517.1,115,2026-07-03T03:10:00+08:00,邁阿密馬林魚,科羅拉多洛磯,邁阿密馬林魚 @ 科羅拉多洛磯,51423228.1,360,[總分]大小 13.5,252777807.1,小 13.5,H,13.5,1.45,20,9,H,13.5,
2026-07-02,2026-07-02T19:59:40,台灣運彩,824335,3476517.1,115,2026-07-03T03:10:00+08:00,邁阿密馬林魚,科羅拉多洛磯,邁阿密馬林魚 @ 科羅拉多洛磯,51423229.1,360,[總分]大小 12.5,252777810.1,大 12.5,A,12.5,1.84,25,21,A,12.5,
2026-07-02,2026-07-02T19:59:40,台灣運彩,824335,3476517.1,115,2026-07-03T03:10:00+08:00,邁阿密馬林魚,科羅拉多洛磯,邁阿密馬林魚 @ 科羅拉多洛磯,51423229.1,360,[總分]大小 12.5,252777809.1,小 12.5,H,12.5,1.66,50,33,H,12.5,
2026-07-02,2026-07-02T19:59:40,台灣運彩,824335,3476517.1,115,2026-07-03T03:10:00+08:00,邁阿密馬林魚,科羅拉多洛磯,邁阿密馬林魚 @ 科羅拉多洛磯,51423234.1,360,[總分]大小 11.5,252777820.1,大 11.5,A,11.5,1.63,100,63,A,11.5,
2026-07-02,2026-07-02T19:59:40,台灣運彩,824335,3476517.1,115,2026-07-03T03:10:00+08:00,邁阿密馬林魚,科羅拉多洛磯,邁阿密馬林魚 @ 科羅拉多洛磯,51423234.1,360,[總分]大小 11.5,252777819.1,小 11.5,H,11.5,1.87,100,87,H,11.5,
2026-07-02,2026-07-02T19:59:40,台灣運彩,824335,3476517.1,115,2026-07-03T03:10:00+08:00,邁阿密馬林魚,科羅拉多洛磯,邁阿密馬林魚 @ 科羅拉多洛磯,51423227.1,362,科羅拉多落磯 大小 5.5,252777806.1,大 5.5,A,5.5,1.73,100,73,A,5.5,
2026-07-02,2026-07-02T19:59:40,台灣運彩,824335,3476517.1,115,2026-07-03T03:10:00+08:00,邁阿密馬林魚,科羅拉多洛磯,邁阿密馬林魚 @ 科羅拉多洛磯,51423227.1,362,科羅拉多落磯 大小 5.5,252777805.1,小 5.5,H,5.5,1.70,10,7,H,5.5,
2026-07-02,2026-07-02T19:59:40,台灣運彩,824335,3476517.1,115,2026-07-03T03:10:00+08:00,邁阿密馬林魚,科羅拉多洛磯,邁阿密馬林魚 @ 科羅拉多洛磯,51423230.1,363,邁阿密馬林魚 大小 6.5,252777812.1,大 6.5,A,6.5,1.82,50,41,A,6.5,
2026-07-02,2026-07-02T19:59:40,台灣運彩,824335,3476517.1,115,2026-07-03T03:10:00+08:00,邁阿密馬林魚,科羅拉多洛磯,邁阿密馬林魚 @ 科羅拉多洛磯,51423230.1,363,邁阿密馬林魚 大小 6.5,252777811.1,小 6.5,H,6.5,1.62,50,31,H,6.5,
2026-07-02,2026-07-02T19:59:40,台灣運彩,824335,3476517.1,115,2026-07-03T03:10:00+08:00,邁阿密馬林魚,科羅拉多洛磯,邁阿密馬林魚 @ 科羅拉多洛磯,51423226.1,366,[總分]單雙,252777804.1,單,,,1.50,2,1,,,
2026-07-02,2026-07-02T19:59:40,台灣運彩,824335,3476517.1,115,2026-07-03T03:10:00+08:00,邁阿密馬林魚,科羅拉多洛磯,邁阿密馬林魚 @ 科羅拉多洛磯,51423226.1,366,[總分]單雙,252777803.1,雙,,,1.96,25,24,,,
2026-07-02,2026-07-02T19:59:40,台灣運彩,824335,3476517.1,115,2026-07-03T03:10:00+08:00,邁阿密馬林魚,科羅拉多洛磯,邁阿密馬林魚 @ 科羅拉多洛磯,51423889.1,374,得分最高單局(不含延長賽),252779682.1,一樣多,,,2.45,20,29,,,
2026-07-02,2026-07-02T19:59:40,台灣運彩,824335,3476517.1,115,2026-07-03T03:10:00+08:00,邁阿密馬林魚,科羅拉多洛磯,邁阿密馬林魚 @ 科羅拉多洛磯,51423889.1,374,得分最高單局(不含延長賽),252779673.1,第1局,,,4.90,10,39,,,
2026-07-02,2026-07-02T19:59:40,台灣運彩,824335,3476517.1,115,2026-07-03T03:10:00+08:00,邁阿密馬林魚,科羅拉多洛磯,邁阿密馬林魚 @ 科羅拉多洛磯,51423889.1,374,得分最高單局(不含延長賽),252779674.1,第2局,,,6.00,1,5,,,
2026-07-02,2026-07-02T19:59:40,台灣運彩,824335,3476517.1,115,2026-07-03T03:10:00+08:00,邁阿密馬林魚,科羅拉多洛磯,邁阿密馬林魚 @ 科羅拉多洛磯,51423889.1,374,得分最高單局(不含延長賽),252779675.1,第3局,,,5.30,10,43,,,
2026-07-02,2026-07-02T19:59:40,台灣運彩,824335,3476517.1,115,2026-07-03T03:10:00+08:00,邁阿密馬林魚,科羅拉多洛磯,邁阿密馬林魚 @ 科羅拉多洛磯,51423889.1,374,得分最高單局(不含延長賽),252779676.1,第4局,,,5.90,10,49,,,
2026-07-02,2026-07-02T19:59:40,台灣運彩,824335,3476517.1,115,2026-07-03T03:10:00+08:00,邁阿密馬林魚,科羅拉多洛磯,邁阿密馬林魚 @ 科羅拉多洛磯,51423889.1,374,得分最高單局(不含延長賽),252779677.1,第5局,,,5.55,20,91,,,
2026-07-02,2026-07-02T19:59:40,台灣運彩,824335,3476517.1,115,2026-07-03T03:10:00+08:00,邁阿密馬林魚,科羅拉多洛磯,邁阿密馬林魚 @ 科羅拉多洛磯,51423889.1,374,得分最高單局(不含延長賽),252779678.1,第6局,,,6.50,2,11,,,
2026-07-02,2026-07-02T19:59:40,台灣運彩,824335,3476517.1,115,2026-07-03T03:10:00+08:00,邁阿密馬林魚,科羅拉多洛磯,邁阿密馬林魚 @ 科羅拉多洛磯,51423889.1,374,得分最高單局(不含延長賽),252779679.1,第7局,,,6.50,2,11,,,
2026-07-02,2026-07-02T19:59:40,台灣運彩,824335,3476517.1,115,2026-07-03T03:10:00+08:00,邁阿密馬林魚,科羅拉多洛磯,邁阿密馬林魚 @ 科羅拉多洛磯,51423889.1,374,得分最高單局(不含延長賽),252779680.1,第8局,,,6.25,4,21,,,
2026-07-02,2026-07-02T19:59:40,台灣運彩,824335,3476517.1,115,2026-07-03T03:10:00+08:00,邁阿密馬林魚,科羅拉多洛磯,邁阿密馬林魚 @ 科羅拉多洛磯,51423889.1,374,得分最高單局(不含延長賽),252779681.1,第9局,,,8.00,1,7,,,
2026-07-02,2026-07-02T19:59:40,台灣運彩,824335,3476517.1,115,2026-07-03T03:10:00+08:00,邁阿密馬林魚,科羅拉多洛磯,邁阿密馬林魚 @ 科羅拉多洛磯,51423883.1,376,[1-5局] 不讓分,252779659.1,科羅拉多落磯,H,,1.85,20,17,H,,1
2026-07-02,2026-07-02T19:59:40,台灣運彩,824335,3476517.1,115,2026-07-03T03:10:00+08:00,邁阿密馬林魚,科羅拉多洛磯,邁阿密馬林魚 @ 科羅拉多洛磯,51423883.1,376,[1-5局] 不讓分,252779661.1,邁阿密馬林魚,A,,1.70,10,7,A,,2
2026-07-02,2026-07-02T19:59:40,台灣運彩,824335,3476517.1,115,2026-07-03T03:10:00+08:00,邁阿密馬林魚,科羅拉多洛磯,邁阿密馬林魚 @ 科羅拉多洛磯,51423883.1,376,[1-5局] 不讓分,252779660.1,和局,D,,6.25,4,21,D,,
2026-07-02,2026-07-02T19:59:40,台灣運彩,824335,3476517.1,115,2026-07-03T03:10:00+08:00,邁阿密馬林魚,科羅拉多洛磯,邁阿密馬林魚 @ 科羅拉多洛磯,51423888.1,378,[1-5局] 大小 6.5,252779672.1,大 6.5,A,6.5,1.58,50,29,A,6.5,
2026-07-02,2026-07-02T19:59:40,台灣運彩,824335,3476517.1,115,2026-07-03T03:10:00+08:00,邁阿密馬林魚,科羅拉多洛磯,邁阿密馬林魚 @ 科羅拉多洛磯,51423888.1,378,[1-5局] 大小 6.5,252779671.1,小 6.5,H,6.5,1.75,4,3,H,6.5,
2026-07-02,2026-07-02T19:59:40,台灣運彩,824335,3476517.1,115,2026-07-03T03:10:00+08:00,邁阿密馬林魚,科羅拉多洛磯,邁阿密馬林魚 @ 科羅拉多洛磯,51424266.1,379,[1-5局] 科羅拉多落磯 大小 3.5,252780793.1,大 3.5,A,3.5,1.93,100,93,A,3.5,
2026-07-02,2026-07-02T19:59:40,台灣運彩,824335,3476517.1,115,2026-07-03T03:10:00+08:00,邁阿密馬林魚,科羅拉多洛磯,邁阿密馬林魚 @ 科羅拉多洛磯,51424266.1,379,[1-5局] 科羅拉多落磯 大小 3.5,252780792.1,小 3.5,H,3.5,1.53,100,53,H,3.5,
2026-07-02,2026-07-02T19:59:40,台灣運彩,824335,3476517.1,115,2026-07-03T03:10:00+08:00,邁阿密馬林魚,科羅拉多洛磯,邁阿密馬林魚 @ 科羅拉多洛磯,51423884.1,380,[1-5局] 邁阿密馬林魚 大小 3.5,252779663.1,大 3.5,A,3.5,1.82,50,41,A,3.5,
2026-07-02,2026-07-02T19:59:40,台灣運彩,824335,3476517.1,115,2026-07-03T03:10:00+08:00,邁阿密馬林魚,科羅拉多洛磯,邁阿密馬林魚 @ 科羅拉多洛磯,51423884.1,380,[1-5局] 邁阿密馬林魚 大小 3.5,252779662.1,小 3.5,H,3.5,1.62,50,31,H,3.5,
2026-07-02,2026-07-02T19:59:40,台灣運彩,824335,3476517.1,115,2026-07-03T03:10:00+08:00,邁阿密馬林魚,科羅拉多洛磯,邁阿密馬林魚 @ 科羅拉多洛磯,51423887.1,389,[第1局] 不讓分,252779668.1,科羅拉多落磯,H,,2.65,20,33,H,,1
2026-07-02,2026-07-02T19:59:40,台灣運彩,824335,3476517.1,115,2026-07-03T03:10:00+08:00,邁阿密馬林魚,科羅拉多洛磯,邁阿密馬林魚 @ 科羅拉多洛磯,51423887.1,389,[第1局] 不讓分,252779670.1,邁阿密馬林魚,A,,2.55,20,31,A,,2
2026-07-02,2026-07-02T19:59:40,台灣運彩,824335,3476517.1,115,2026-07-03T03:10:00+08:00,邁阿密馬林魚,科羅拉多洛磯,邁阿密馬林魚 @ 科羅拉多洛磯,51423887.1,389,[第1局] 不讓分,252779669.1,和局,D,,1.90,10,9,D,,
2026-07-02,2026-07-02T19:59:40,台灣運彩,824335,3476517.1,115,2026-07-03T03:10:00+08:00,邁阿密馬林魚,科羅拉多洛磯,邁阿密馬林魚 @ 科羅拉多洛磯,51423886.1,398,[第1局] 大小 1.5,252779667.1,大 1.5,A,1.5,1.95,20,19,A,1.5,
2026-07-02,2026-07-02T19:59:40,台灣運彩,824335,3476517.1,115,2026-07-03T03:10:00+08:00,邁阿密馬林魚,科羅拉多洛磯,邁阿密馬林魚 @ 科羅拉多洛磯,51423886.1,398,[第1局] 大小 1.5,252779666.1,小 1.5,H,1.5,1.45,20,9,H,1.5,
2026-07-02,2026-07-02T19:59:40,台灣運彩,824416,3476518.1,117,2026-07-03T06:40:00+08:00,芝加哥白襪,克里夫蘭守護者,芝加哥白襪 @ 克里夫蘭守護者,51423216.1,354,不讓分,252777779.1,克里夫蘭守護者,H,,1.87,100,87,H,,1
2026-07-02,2026-07-02T19:59:40,台灣運彩,824416,3476518.1,117,2026-07-03T06:40:00+08:00,芝加哥白襪,克里夫蘭守護者,芝加哥白襪 @ 克里夫蘭守護者,51423216.1,354,不讓分,252777780.1,芝加哥白襪,A,,1.63,100,63,A,,2
2026-07-02,2026-07-02T19:59:40,台灣運彩,824416,3476518.1,117,2026-07-03T06:40:00+08:00,芝加哥白襪,克里夫蘭守護者,芝加哥白襪 @ 克里夫蘭守護者,51423225.1,357,勝分差,252777797.1,克里夫蘭守護者 1 分,H,,4.15,20,63,H,,
2026-07-02,2026-07-02T19:59:40,台灣運彩,824416,3476518.1,117,2026-07-03T06:40:00+08:00,芝加哥白襪,克里夫蘭守護者,芝加哥白襪 @ 克里夫蘭守護者,51423225.1,357,勝分差,252777798.1,克里夫蘭守護者 2 分,H,,7.50,2,13,H,,
2026-07-02,2026-07-02T19:59:40,台灣運彩,824416,3476518.1,117,2026-07-03T06:40:00+08:00,芝加哥白襪,克里夫蘭守護者,芝加哥白襪 @ 克里夫蘭守護者,51423225.1,357,勝分差,252777799.1,克里夫蘭守護者 > 2分,H,,3.05,20,41,H,,
2026-07-02,2026-07-02T19:59:40,台灣運彩,824416,3476518.1,117,2026-07-03T06:40:00+08:00,芝加哥白襪,克里夫蘭守護者,芝加哥白襪 @ 克里夫蘭守護者,51423225.1,357,勝分差,252777800.1,芝加哥白襪 1 分,A,,5.50,2,9,A,,
2026-07-02,2026-07-02T19:59:40,台灣運彩,824416,3476518.1,117,2026-07-03T06:40:00+08:00,芝加哥白襪,克里夫蘭守護者,芝加哥白襪 @ 克里夫蘭守護者,51423225.1,357,勝分差,252777801.1,芝加哥白襪 2 分,A,,6.75,4,23,A,,
2026-07-02,2026-07-02T19:59:40,台灣運彩,824416,3476518.1,117,2026-07-03T06:40:00+08:00,芝加哥白襪,克里夫蘭守護者,芝加哥白襪 @ 克里夫蘭守護者,51423225.1,357,勝分差,252777802.1,芝加哥白襪 > 2分,A,,2.40,5,7,A,,
2026-07-02,2026-07-02T19:59:40,台灣運彩,824416,3476518.1,117,2026-07-03T06:40:00+08:00,芝加哥白襪,克里夫蘭守護者,芝加哥白襪 @ 克里夫蘭守護者,51423219.1,358,讓分 2.5,252777785.1,克里夫蘭守護者 +2.5,H,2.5,1.33,100,33,H,2.5,1
2026-07-02,2026-07-02T19:59:40,台灣運彩,824416,3476518.1,117,2026-07-03T06:40:00+08:00,芝加哥白襪,克里夫蘭守護者,芝加哥白襪 @ 克里夫蘭守護者,51423219.1,358,讓分 2.5,252777786.1,芝加哥白襪 -2.5,A,2.5,2.47,100,147,A,2.5,2
2026-07-02,2026-07-02T19:59:40,台灣運彩,824416,3476518.1,117,2026-07-03T06:40:00+08:00,芝加哥白襪,克里夫蘭守護者,芝加哥白襪 @ 克里夫蘭守護者,51423222.1,358,讓分 1.5,252777791.1,克里夫蘭守護者 +1.5,H,1.5,1.50,2,1,H,1.5,1
2026-07-02,2026-07-02T19:59:40,台灣運彩,824416,3476518.1,117,2026-07-03T06:40:00+08:00,芝加哥白襪,克里夫蘭守護者,芝加哥白襪 @ 克里夫蘭守護者,51423222.1,358,讓分 1.5,252777792.1,芝加哥白襪 -1.5,A,1.5,2.00,1,1,A,1.5,2
2026-07-02,2026-07-02T19:59:40,台灣運彩,824416,3476518.1,117,2026-07-03T06:40:00+08:00,芝加哥白襪,克里夫蘭守護者,芝加哥白襪 @ 克里夫蘭守護者,51423220.1,360,[總分]大小 7.5,252777788.1,大 7.5,A,7.5,1.53,100,53,A,7.5,
2026-07-02,2026-07-02T19:59:40,台灣運彩,824416,3476518.1,117,2026-07-03T06:40:00+08:00,芝加哥白襪,克里夫蘭守護者,芝加哥白襪 @ 克里夫蘭守護者,51423220.1,360,[總分]大小 7.5,252777787.1,小 7.5,H,7.5,1.97,100,97,H,7.5,
2026-07-02,2026-07-02T19:59:40,台灣運彩,824416,3476518.1,117,2026-07-03T06:40:00+08:00,芝加哥白襪,克里夫蘭守護者,芝加哥白襪 @ 克里夫蘭守護者,51423221.1,360,[總分]大小 9.5,252777790.1,大 9.5,A,9.5,2.10,10,11,A,9.5,
2026-07-02,2026-07-02T19:59:40,台灣運彩,824416,3476518.1,117,2026-07-03T06:40:00+08:00,芝加哥白襪,克里夫蘭守護者,芝加哥白襪 @ 克里夫蘭守護者,51423221.1,360,[總分]大小 9.5,252777789.1,小 9.5,H,9.5,1.45,20,9,H,9.5,
2026-07-02,2026-07-02T19:59:40,台灣運彩,824416,3476518.1,117,2026-07-03T06:40:00+08:00,芝加哥白襪,克里夫蘭守護者,芝加哥白襪 @ 克里夫蘭守護者,51423224.1,360,[總分]大小 8.5,252777796.1,大 8.5,A,8.5,1.77,100,77,A,8.5,
2026-07-02,2026-07-02T19:59:40,台灣運彩,824416,3476518.1,117,2026-07-03T06:40:00+08:00,芝加哥白襪,克里夫蘭守護者,芝加哥白襪 @ 克里夫蘭守護者,51423224.1,360,[總分]大小 8.5,252777795.1,小 8.5,H,8.5,1.73,100,73,H,8.5,
2026-07-02,2026-07-02T19:59:40,台灣運彩,824416,3476518.1,117,2026-07-03T06:40:00+08:00,芝加哥白襪,克里夫蘭守護者,芝加哥白襪 @ 克里夫蘭守護者,51423218.1,362,克里夫蘭守護者 大小 3.5,252777784.1,大 3.5,A,3.5,1.62,50,31,A,3.5,
2026-07-02,2026-07-02T19:59:40,台灣運彩,824416,3476518.1,117,2026-07-03T06:40:00+08:00,芝加哥白襪,克里夫蘭守護者,芝加哥白襪 @ 克里夫蘭守護者,51423218.1,362,克里夫蘭守護者 大小 3.5,252777783.1,小 3.5,H,3.5,1.82,50,41,H,3.5,
2026-07-02,2026-07-02T19:59:40,台灣運彩,824416,3476518.1,117,2026-07-03T06:40:00+08:00,芝加哥白襪,克里夫蘭守護者,芝加哥白襪 @ 克里夫蘭守護者,51423217.1,363,芝加哥白襪 大小 4.5,252777782.1,大 4.5,A,4.5,1.85,20,17,A,4.5,
2026-07-02,2026-07-02T19:59:40,台灣運彩,824416,3476518.1,117,2026-07-03T06:40:00+08:00,芝加哥白襪,克里夫蘭守護者,芝加哥白襪 @ 克里夫蘭守護者,51423217.1,363,芝加哥白襪 大小 4.5,252777781.1,小 4.5,H,4.5,1.60,5,3,H,4.5,
2026-07-02,2026-07-02T19:59:40,台灣運彩,824416,3476518.1,117,2026-07-03T06:40:00+08:00,芝加哥白襪,克里夫蘭守護者,芝加哥白襪 @ 克里夫蘭守護者,51423215.1,366,[總分]單雙,252777778.1,單,,,1.48,25,12,,,
2026-07-02,2026-07-02T19:59:40,台灣運彩,824416,3476518.1,117,2026-07-03T06:40:00+08:00,芝加哥白襪,克里夫蘭守護者,芝加哥白襪 @ 克里夫蘭守護者,51423215.1,366,[總分]單雙,252777777.1,雙,,,2.00,1,1,,,
2026-07-02,2026-07-02T19:59:40,台灣運彩,824416,3476518.1,117,2026-07-03T06:40:00+08:00,芝加哥白襪,克里夫蘭守護者,芝加哥白襪 @ 克里夫蘭守護者,51423382.1,374,得分最高單局(不含延長賽),252778298.1,一樣多,,,2.25,4,5,,,
2026-07-02,2026-07-02T19:59:40,台灣運彩,824416,3476518.1,117,2026-07-03T06:40:00+08:00,芝加哥白襪,克里夫蘭守護者,芝加哥白襪 @ 克里夫蘭守護者,51423382.1,374,得分最高單局(不含延長賽),252778289.1,第1局,,,5.30,10,43,,,
2026-07-02,2026-07-02T19:59:40,台灣運彩,824416,3476518.1,117,2026-07-03T06:40:00+08:00,芝加哥白襪,克里夫蘭守護者,芝加哥白襪 @ 克里夫蘭守護者,51423382.1,374,得分最高單局(不含延長賽),252778290.1,第2局,,,6.25,4,21,,,
2026-07-02,2026-07-02T19:59:40,台灣運彩,824416,3476518.1,117,2026-07-03T06:40:00+08:00,芝加哥白襪,克里夫蘭守護者,芝加哥白襪 @ 克里夫蘭守護者,51423382.1,374,得分最高單局(不含延長賽),252778291.1,第3局,,,5.40,5,22,,,
2026-07-02,2026-07-02T19:59:40,台灣運彩,824416,3476518.1,117,2026-07-03T06:40:00+08:00,芝加哥白襪,克里夫蘭守護者,芝加哥白襪 @ 克里夫蘭守護者,51423382.1,374,得分最高單局(不含延長賽),252778292.1,第4局,,,6.00,1,5,,,
2026-07-02,2026-07-02T19:59:40,台灣運彩,824416,3476518.1,117,2026-07-03T06:40:00+08:00,芝加哥白襪,克里夫蘭守護者,芝加哥白襪 @ 克里夫蘭守護者,51423382.1,374,得分最高單局(不含延長賽),252778293.1,第5局,,,5.75,4,19,,,
2026-07-02,2026-07-02T19:59:40,台灣運彩,824416,3476518.1,117,2026-07-03T06:40:00+08:00,芝加哥白襪,克里夫蘭守護者,芝加哥白襪 @ 克里夫蘭守護者,51423382.1,374,得分最高單局(不含延長賽),252778294.1,第6局,,,6.50,2,11,,,
2026-07-02,2026-07-02T19:59:40,台灣運彩,824416,3476518.1,117,2026-07-03T06:40:00+08:00,芝加哥白襪,克里夫蘭守護者,芝加哥白襪 @ 克里夫蘭守護者,51423382.1,374,得分最高單局(不含延長賽),252778295.1,第7局,,,6.50,2,11,,,
2026-07-02,2026-07-02T19:59:40,台灣運彩,824416,3476518.1,117,2026-07-03T06:40:00+08:00,芝加哥白襪,克里夫蘭守護者,芝加哥白襪 @ 克里夫蘭守護者,51423382.1,374,得分最高單局(不含延長賽),252778296.1,第8局,,,6.25,4,21,,,
2026-07-02,2026-07-02T19:59:40,台灣運彩,824416,3476518.1,117,2026-07-03T06:40:00+08:00,芝加哥白襪,克里夫蘭守護者,芝加哥白襪 @ 克里夫蘭守護者,51423382.1,374,得分最高單局(不含延長賽),252778297.1,第9局,,,8.00,1,7,,,
2026-07-02,2026-07-02T19:59:40,台灣運彩,824416,3476518.1,117,2026-07-03T06:40:00+08:00,芝加哥白襪,克里夫蘭守護者,芝加哥白襪 @ 克里夫蘭守護者,51423381.1,376,[1-5局] 不讓分,252778286.1,克里夫蘭守護者,H,,1.90,10,9,H,,1
2026-07-02,2026-07-02T19:59:40,台灣運彩,824416,3476518.1,117,2026-07-03T06:40:00+08:00,芝加哥白襪,克里夫蘭守護者,芝加哥白襪 @ 克里夫蘭守護者,51423381.1,376,[1-5局] 不讓分,252778288.1,芝加哥白襪,A,,1.75,4,3,A,,2
2026-07-02,2026-07-02T19:59:40,台灣運彩,824416,3476518.1,117,2026-07-03T06:40:00+08:00,芝加哥白襪,克里夫蘭守護者,芝加哥白襪 @ 克里夫蘭守護者,51423381.1,376,[1-5局] 不讓分,252778287.1,和局,D,,4.80,5,19,D,,
2026-07-02,2026-07-02T19:59:40,台灣運彩,824416,3476518.1,117,2026-07-03T06:40:00+08:00,芝加哥白襪,克里夫蘭守護者,芝加哥白襪 @ 克里夫蘭守護者,51423377.1,378,[1-5局] 大小 4.5,252778278.1,大 4.5,A,4.5,1.63,100,63,A,4.5,
2026-07-02,2026-07-02T19:59:40,台灣運彩,824416,3476518.1,117,2026-07-03T06:40:00+08:00,芝加哥白襪,克里夫蘭守護者,芝加哥白襪 @ 克里夫蘭守護者,51423377.1,378,[1-5局] 大小 4.5,252778277.1,小 4.5,H,4.5,1.70,10,7,H,4.5,
2026-07-02,2026-07-02T19:59:40,台灣運彩,824416,3476518.1,117,2026-07-03T06:40:00+08:00,芝加哥白襪,克里夫蘭守護者,芝加哥白襪 @ 克里夫蘭守護者,51423376.1,379,[1-5局] 克里夫蘭守護者 大小 1.5,252778276.1,大 1.5,A,1.5,1.50,2,1,A,1.5,
2026-07-02,2026-07-02T19:59:40,台灣運彩,824416,3476518.1,117,2026-07-03T06:40:00+08:00,芝加哥白襪,克里夫蘭守護者,芝加哥白襪 @ 克里夫蘭守護者,51423376.1,379,[1-5局] 克里夫蘭守護者 大小 1.5,252778275.1,小 1.5,H,1.5,1.96,25,24,H,1.5,
2026-07-02,2026-07-02T19:59:40,台灣運彩,824416,3476518.1,117,2026-07-03T06:40:00+08:00,芝加哥白襪,克里夫蘭守護者,芝加哥白襪 @ 克里夫蘭守護者,51423380.1,380,[1-5局] 芝加哥白襪 大小 2.5,252778285.1,大 2.5,A,2.5,1.93,100,93,A,2.5,
2026-07-02,2026-07-02T19:59:40,台灣運彩,824416,3476518.1,117,2026-07-03T06:40:00+08:00,芝加哥白襪,克里夫蘭守護者,芝加哥白襪 @ 克里夫蘭守護者,51423380.1,380,[1-5局] 芝加哥白襪 大小 2.5,252778284.1,小 2.5,H,2.5,1.53,100,53,H,2.5,
2026-07-02,2026-07-02T19:59:40,台灣運彩,824416,3476518.1,117,2026-07-03T06:40:00+08:00,芝加哥白襪,克里夫蘭守護者,芝加哥白襪 @ 克里夫蘭守護者,51423379.1,389,[第1局] 不讓分,252778281.1,克里夫蘭守護者,H,,3.10,10,21,H,,1
2026-07-02,2026-07-02T19:59:40,台灣運彩,824416,3476518.1,117,2026-07-03T06:40:00+08:00,芝加哥白襪,克里夫蘭守護者,芝加哥白襪 @ 克里夫蘭守護者,51423379.1,389,[第1局] 不讓分,252778283.1,芝加哥白襪,A,,3.00,1,2,A,,2
2026-07-02,2026-07-02T19:59:40,台灣運彩,824416,3476518.1,117,2026-07-03T06:40:00+08:00,芝加哥白襪,克里夫蘭守護者,芝加哥白襪 @ 克里夫蘭守護者,51423379.1,389,[第1局] 不讓分,252778282.1,和局,D,,1.55,20,11,D,,
2026-07-02,2026-07-02T19:59:40,台灣運彩,824416,3476518.1,117,2026-07-03T06:40:00+08:00,芝加哥白襪,克里夫蘭守護者,芝加哥白襪 @ 克里夫蘭守護者,51423378.1,398,[第1局] 大小 0.5,252778280.1,大 0.5,A,0.5,1.68,25,17,A,0.5,
2026-07-02,2026-07-02T19:59:40,台灣運彩,824416,3476518.1,117,2026-07-03T06:40:00+08:00,芝加哥白襪,克里夫蘭守護者,芝加哥白襪 @ 克里夫蘭守護者,51423378.1,398,[第1局] 大小 0.5,252778279.1,小 0.5,H,0.5,1.65,20,13,H,0.5,
2026-07-02,2026-07-02T19:59:40,台灣運彩,824906,3476521.1,120,2026-07-03T07:15:00+08:00,聖路易紅雀,亞特蘭大勇士,聖路易紅雀 @ 亞特蘭大勇士,51423285.1,354,不讓分,252777997.1,亞特蘭大勇士,H,,1.68,25,17,H,,1
2026-07-02,2026-07-02T19:59:40,台灣運彩,824906,3476521.1,120,2026-07-03T07:15:00+08:00,聖路易紅雀,亞特蘭大勇士,聖路易紅雀 @ 亞特蘭大勇士,51423285.1,354,不讓分,252777998.1,聖路易紅雀,A,,1.82,50,41,A,,2
2026-07-02,2026-07-02T19:59:40,台灣運彩,824906,3476521.1,120,2026-07-03T07:15:00+08:00,聖路易紅雀,亞特蘭大勇士,聖路易紅雀 @ 亞特蘭大勇士,51423284.1,357,勝分差,252777991.1,亞特蘭大勇士 1 分,H,,4.25,4,13,H,,
2026-07-02,2026-07-02T19:59:40,台灣運彩,824906,3476521.1,120,2026-07-03T07:15:00+08:00,聖路易紅雀,亞特蘭大勇士,聖路易紅雀 @ 亞特蘭大勇士,51423284.1,357,勝分差,252777992.1,亞特蘭大勇士 2 分,H,,7.50,2,13,H,,
2026-07-02,2026-07-02T19:59:40,台灣運彩,824906,3476521.1,120,2026-07-03T07:15:00+08:00,聖路易紅雀,亞特蘭大勇士,聖路易紅雀 @ 亞特蘭大勇士,51423284.1,357,勝分差,252777993.1,亞特蘭大勇士 > 2分,H,,2.70,10,17,H,,
2026-07-02,2026-07-02T19:59:40,台灣運彩,824906,3476521.1,120,2026-07-03T07:15:00+08:00,聖路易紅雀,亞特蘭大勇士,聖路易紅雀 @ 亞特蘭大勇士,51423284.1,357,勝分差,252777994.1,聖路易紅雀 1 分,A,,5.75,4,19,A,,
2026-07-02,2026-07-02T19:59:40,台灣運彩,824906,3476521.1,120,2026-07-03T07:15:00+08:00,聖路易紅雀,亞特蘭大勇士,聖路易紅雀 @ 亞特蘭大勇士,51423284.1,357,勝分差,252777995.1,聖路易紅雀 2 分,A,,7.25,4,25,A,,
2026-07-02,2026-07-02T19:59:40,台灣運彩,824906,3476521.1,120,2026-07-03T07:15:00+08:00,聖路易紅雀,亞特蘭大勇士,聖路易紅雀 @ 亞特蘭大勇士,51423284.1,357,勝分差,252777996.1,聖路易紅雀 > 2分,A,,2.50,2,3,A,,
2026-07-02,2026-07-02T19:59:40,台灣運彩,824906,3476521.1,120,2026-07-03T07:15:00+08:00,聖路易紅雀,亞特蘭大勇士,聖路易紅雀 @ 亞特蘭大勇士,51423280.1,358,讓分 -1.5,252777983.1,亞特蘭大勇士 -1.5,H,-1.5,2.20,5,6,H,-1.5,1
2026-07-02,2026-07-02T19:59:40,台灣運彩,824906,3476521.1,120,2026-07-03T07:15:00+08:00,聖路易紅雀,亞特蘭大勇士,聖路易紅雀 @ 亞特蘭大勇士,51423280.1,358,讓分 -1.5,252777984.1,聖路易紅雀 +1.5,A,-1.5,1.42,50,21,A,-1.5,2
2026-07-02,2026-07-02T19:59:40,台灣運彩,824906,3476521.1,120,2026-07-03T07:15:00+08:00,聖路易紅雀,亞特蘭大勇士,聖路易紅雀 @ 亞特蘭大勇士,51423281.1,358,讓分 -2.5,252777985.1,亞特蘭大勇士 -2.5,H,-2.5,2.75,4,7,H,-2.5,1
2026-07-02,2026-07-02T19:59:40,台灣運彩,824906,3476521.1,120,2026-07-03T07:15:00+08:00,聖路易紅雀,亞特蘭大勇士,聖路易紅雀 @ 亞特蘭大勇士,51423281.1,358,讓分 -2.5,252777986.1,聖路易紅雀 +2.5,A,-2.5,1.26,50,13,A,-2.5,2
2026-07-02,2026-07-02T19:59:40,台灣運彩,824906,3476521.1,120,2026-07-03T07:15:00+08:00,聖路易紅雀,亞特蘭大勇士,聖路易紅雀 @ 亞特蘭大勇士,51423277.1,360,[總分]大小 8.5,252777978.1,大 8.5,A,8.5,1.60,5,3,A,8.5,
2026-07-02,2026-07-02T19:59:40,台灣運彩,824906,3476521.1,120,2026-07-03T07:15:00+08:00,聖路易紅雀,亞特蘭大勇士,聖路易紅雀 @ 亞特蘭大勇士,51423277.1,360,[總分]大小 8.5,252777977.1,小 8.5,H,8.5,1.90,10,9,H,8.5,
2026-07-02,2026-07-02T19:59:40,台灣運彩,824906,3476521.1,120,2026-07-03T07:15:00+08:00,聖路易紅雀,亞特蘭大勇士,聖路易紅雀 @ 亞特蘭大勇士,51423279.1,360,[總分]大小 9.5,252777982.1,大 9.5,A,9.5,1.90,10,9,A,9.5,
2026-07-02,2026-07-02T19:59:40,台灣運彩,824906,3476521.1,120,2026-07-03T07:15:00+08:00,聖路易紅雀,亞特蘭大勇士,聖路易紅雀 @ 亞特蘭大勇士,51423279.1,360,[總分]大小 9.5,252777981.1,小 9.5,H,9.5,1.60,5,3,H,9.5,
2026-07-02,2026-07-02T19:59:40,台灣運彩,824906,3476521.1,120,2026-07-03T07:15:00+08:00,聖路易紅雀,亞特蘭大勇士,聖路易紅雀 @ 亞特蘭大勇士,51424242.1,360,[總分]大小 10.5,252780703.1,大 10.5,A,10.5,2.15,20,23,A,10.5,
2026-07-02,2026-07-02T19:59:40,台灣運彩,824906,3476521.1,120,2026-07-03T07:15:00+08:00,聖路易紅雀,亞特蘭大勇士,聖路易紅雀 @ 亞特蘭大勇士,51424242.1,360,[總分]大小 10.5,252780702.1,小 10.5,H,10.5,1.43,100,43,H,10.5,
2026-07-02,2026-07-02T19:59:40,台灣運彩,824906,3476521.1,120,2026-07-03T07:15:00+08:00,聖路易紅雀,亞特蘭大勇士,聖路易紅雀 @ 亞特蘭大勇士,51423283.1,362,亞特蘭大勇士 大小 4.5,252777990.1,大 4.5,A,4.5,1.80,5,4,A,4.5,
2026-07-02,2026-07-02T19:59:40,台灣運彩,824906,3476521.1,120,2026-07-03T07:15:00+08:00,聖路易紅雀,亞特蘭大勇士,聖路易紅雀 @ 亞特蘭大勇士,51423283.1,362,亞特蘭大勇士 大小 4.5,252777989.1,小 4.5,H,4.5,1.63,100,63,H,4.5,
2026-07-02,2026-07-02T19:59:40,台灣運彩,824906,3476521.1,120,2026-07-03T07:15:00+08:00,聖路易紅雀,亞特蘭大勇士,聖路易紅雀 @ 亞特蘭大勇士,51423276.1,363,聖路易紅雀 大小 4.5,252777976.1,大 4.5,A,4.5,1.78,50,39,A,4.5,
2026-07-02,2026-07-02T19:59:40,台灣運彩,824906,3476521.1,120,2026-07-03T07:15:00+08:00,聖路易紅雀,亞特蘭大勇士,聖路易紅雀 @ 亞特蘭大勇士,51423276.1,363,聖路易紅雀 大小 4.5,252777975.1,小 4.5,H,4.5,1.65,20,13,H,4.5,
2026-07-02,2026-07-02T19:59:40,台灣運彩,824906,3476521.1,120,2026-07-03T07:15:00+08:00,聖路易紅雀,亞特蘭大勇士,聖路易紅雀 @ 亞特蘭大勇士,51423275.1,366,[總分]單雙,252777974.1,單,,,1.48,25,12,,,
2026-07-02,2026-07-02T19:59:40,台灣運彩,824906,3476521.1,120,2026-07-03T07:15:00+08:00,聖路易紅雀,亞特蘭大勇士,聖路易紅雀 @ 亞特蘭大勇士,51423275.1,366,[總分]單雙,252777973.1,雙,,,2.00,1,1,,,
2026-07-02,2026-07-02T19:59:40,台灣運彩,824906,3476521.1,120,2026-07-03T07:15:00+08:00,聖路易紅雀,亞特蘭大勇士,聖路易紅雀 @ 亞特蘭大勇士,51423896.1,374,得分最高單局(不含延長賽),252779706.1,一樣多,,,2.30,10,13,,,
2026-07-02,2026-07-02T19:59:40,台灣運彩,824906,3476521.1,120,2026-07-03T07:15:00+08:00,聖路易紅雀,亞特蘭大勇士,聖路易紅雀 @ 亞特蘭大勇士,51423896.1,374,得分最高單局(不含延長賽),252779697.1,第1局,,,5.25,4,17,,,
2026-07-02,2026-07-02T19:59:40,台灣運彩,824906,3476521.1,120,2026-07-03T07:15:00+08:00,聖路易紅雀,亞特蘭大勇士,聖路易紅雀 @ 亞特蘭大勇士,51423896.1,374,得分最高單局(不含延長賽),252779698.1,第2局,,,6.25,4,21,,,
2026-07-02,2026-07-02T19:59:40,台灣運彩,824906,3476521.1,120,2026-07-03T07:15:00+08:00,聖路易紅雀,亞特蘭大勇士,聖路易紅雀 @ 亞特蘭大勇士,51423896.1,374,得分最高單局(不含延長賽),252779699.1,第3局,,,5.45,20,89,,,
2026-07-02,2026-07-02T19:59:40,台灣運彩,824906,3476521.1,120,2026-07-03T07:15:00+08:00,聖路易紅雀,亞特蘭大勇士,聖路易紅雀 @ 亞特蘭大勇士,51423896.1,374,得分最高單局(不含延長賽),252779700.1,第4局,,,6.00,1,5,,,
2026-07-02,2026-07-02T19:59:40,台灣運彩,824906,3476521.1,120,2026-07-03T07:15:00+08:00,聖路易紅雀,亞特蘭大勇士,聖路易紅雀 @ 亞特蘭大勇士,51423896.1,374,得分最高單局(不含延長賽),252779701.1,第5局,,,5.75,4,19,,,
2026-07-02,2026-07-02T19:59:40,台灣運彩,824906,3476521.1,120,2026-07-03T07:15:00+08:00,聖路易紅雀,亞特蘭大勇士,聖路易紅雀 @ 亞特蘭大勇士,51423896.1,374,得分最高單局(不含延長賽),252779702.1,第6局,,,6.25,4,21,,,
2026-07-02,2026-07-02T19:59:40,台灣運彩,824906,3476521.1,120,2026-07-03T07:15:00+08:00,聖路易紅雀,亞特蘭大勇士,聖路易紅雀 @ 亞特蘭大勇士,51423896.1,374,得分最高單局(不含延長賽),252779703.1,第7局,,,6.25,4,21,,,
2026-07-02,2026-07-02T19:59:40,台灣運彩,824906,3476521.1,120,2026-07-03T07:15:00+08:00,聖路易紅雀,亞特蘭大勇士,聖路易紅雀 @ 亞特蘭大勇士,51423896.1,374,得分最高單局(不含延長賽),252779704.1,第8局,,,6.00,1,5,,,
2026-07-02,2026-07-02T19:59:40,台灣運彩,824906,3476521.1,120,2026-07-03T07:15:00+08:00,聖路易紅雀,亞特蘭大勇士,聖路易紅雀 @ 亞特蘭大勇士,51423896.1,374,得分最高單局(不含延長賽),252779705.1,第9局,,,8.00,1,7,,,
2026-07-02,2026-07-02T19:59:40,台灣運彩,824906,3476521.1,120,2026-07-03T07:15:00+08:00,聖路易紅雀,亞特蘭大勇士,聖路易紅雀 @ 亞特蘭大勇士,51423894.1,376,[1-5局] 不讓分,252779691.1,亞特蘭大勇士,H,,1.80,5,4,H,,1
2026-07-02,2026-07-02T19:59:40,台灣運彩,824906,3476521.1,120,2026-07-03T07:15:00+08:00,聖路易紅雀,亞特蘭大勇士,聖路易紅雀 @ 亞特蘭大勇士,51423894.1,376,[1-5局] 不讓分,252779693.1,聖路易紅雀,A,,1.85,20,17,A,,2
2026-07-02,2026-07-02T19:59:40,台灣運彩,824906,3476521.1,120,2026-07-03T07:15:00+08:00,聖路易紅雀,亞特蘭大勇士,聖路易紅雀 @ 亞特蘭大勇士,51423894.1,376,[1-5局] 不讓分,252779692.1,和局,D,,5.00,1,4,D,,
2026-07-02,2026-07-02T19:59:40,台灣運彩,824906,3476521.1,120,2026-07-03T07:15:00+08:00,聖路易紅雀,亞特蘭大勇士,聖路易紅雀 @ 亞特蘭大勇士,51423893.1,378,[1-5局] 大小 4.5,252779690.1,大 4.5,A,4.5,1.52,25,13,A,4.5,
2026-07-02,2026-07-02T19:59:40,台灣運彩,824906,3476521.1,120,2026-07-03T07:15:00+08:00,聖路易紅雀,亞特蘭大勇士,聖路易紅雀 @ 亞特蘭大勇士,51423893.1,378,[1-5局] 大小 4.5,252779689.1,小 4.5,H,4.5,1.83,100,83,H,4.5,
2026-07-02,2026-07-02T19:59:40,台灣運彩,824906,3476521.1,120,2026-07-03T07:15:00+08:00,聖路易紅雀,亞特蘭大勇士,聖路易紅雀 @ 亞特蘭大勇士,51423890.1,379,[1-5局] 亞特蘭大勇士 大小 2.5,252779684.1,大 2.5,A,2.5,1.85,20,17,A,2.5,
2026-07-02,2026-07-02T19:59:40,台灣運彩,824906,3476521.1,120,2026-07-03T07:15:00+08:00,聖路易紅雀,亞特蘭大勇士,聖路易紅雀 @ 亞特蘭大勇士,51423890.1,379,[1-5局] 亞特蘭大勇士 大小 2.5,252779683.1,小 2.5,H,2.5,1.60,5,3,H,2.5,
2026-07-02,2026-07-02T19:59:40,台灣運彩,824906,3476521.1,120,2026-07-03T07:15:00+08:00,聖路易紅雀,亞特蘭大勇士,聖路易紅雀 @ 亞特蘭大勇士,51423891.1,380,[1-5局] 聖路易紅雀 大小 2.5,252779686.1,大 2.5,A,2.5,1.90,10,9,A,2.5,
2026-07-02,2026-07-02T19:59:40,台灣運彩,824906,3476521.1,120,2026-07-03T07:15:00+08:00,聖路易紅雀,亞特蘭大勇士,聖路易紅雀 @ 亞特蘭大勇士,51423891.1,380,[1-5局] 聖路易紅雀 大小 2.5,252779685.1,小 2.5,H,2.5,1.55,20,11,H,2.5,
2026-07-02,2026-07-02T19:59:40,台灣運彩,824906,3476521.1,120,2026-07-03T07:15:00+08:00,聖路易紅雀,亞特蘭大勇士,聖路易紅雀 @ 亞特蘭大勇士,51423895.1,389,[第1局] 不讓分,252779694.1,亞特蘭大勇士,H,,2.85,20,37,H,,1
2026-07-02,2026-07-02T19:59:40,台灣運彩,824906,3476521.1,120,2026-07-03T07:15:00+08:00,聖路易紅雀,亞特蘭大勇士,聖路易紅雀 @ 亞特蘭大勇士,51423895.1,389,[第1局] 不讓分,252779696.1,聖路易紅雀,A,,3.05,20,41,A,,2
2026-07-02,2026-07-02T19:59:40,台灣運彩,824906,3476521.1,120,2026-07-03T07:15:00+08:00,聖路易紅雀,亞特蘭大勇士,聖路易紅雀 @ 亞特蘭大勇士,51423895.1,389,[第1局] 不讓分,252779695.1,和局,D,,1.60,5,3,D,,
2026-07-02,2026-07-02T19:59:40,台灣運彩,824906,3476521.1,120,2026-07-03T07:15:00+08:00,聖路易紅雀,亞特蘭大勇士,聖路易紅雀 @ 亞特蘭大勇士,51423892.1,398,[第1局] 大小 0.5,252779688.1,大 0.5,A,0.5,1.60,5,3,A,0.5,
2026-07-02,2026-07-02T19:59:40,台灣運彩,824906,3476521.1,120,2026-07-03T07:15:00+08:00,聖路易紅雀,亞特蘭大勇士,聖路易紅雀 @ 亞特蘭大勇士,51423892.1,398,[第1局] 大小 0.5,252779687.1,小 0.5,H,0.5,1.73,100,73,H,0.5,
2026-07-02,2026-07-02T19:59:40,台灣運彩,824093,3476531.1,125,2026-07-03T07:40:00+08:00,坦帕灣光芒,堪薩斯市皇家,坦帕灣光芒 @ 堪薩斯市皇家,51423454.1,354,不讓分,252778510.1,堪薩斯皇家,H,,1.88,25,22,H,,1
2026-07-02,2026-07-02T19:59:40,台灣運彩,824093,3476531.1,125,2026-07-03T07:40:00+08:00,坦帕灣光芒,堪薩斯市皇家,坦帕灣光芒 @ 堪薩斯市皇家,51423454.1,354,不讓分,252778511.1,坦帕灣光芒,A,,1.62,50,31,A,,2
2026-07-02,2026-07-02T19:59:40,台灣運彩,824093,3476531.1,125,2026-07-03T07:40:00+08:00,坦帕灣光芒,堪薩斯市皇家,坦帕灣光芒 @ 堪薩斯市皇家,51423464.1,357,勝分差,252778533.1,坦帕灣光芒 1 分,A,,6.25,4,21,A,,
2026-07-02,2026-07-02T19:59:40,台灣運彩,824093,3476531.1,125,2026-07-03T07:40:00+08:00,坦帕灣光芒,堪薩斯市皇家,坦帕灣光芒 @ 堪薩斯市皇家,51423464.1,357,勝分差,252778534.1,坦帕灣光芒 2 分,A,,7.25,4,25,A,,
2026-07-02,2026-07-02T19:59:40,台灣運彩,824093,3476531.1,125,2026-07-03T07:40:00+08:00,坦帕灣光芒,堪薩斯市皇家,坦帕灣光芒 @ 堪薩斯市皇家,51423464.1,357,勝分差,252778535.1,坦帕灣光芒 > 2分,A,,2.20,5,6,A,,
2026-07-02,2026-07-02T19:59:40,台灣運彩,824093,3476531.1,125,2026-07-03T07:40:00+08:00,坦帕灣光芒,堪薩斯市皇家,坦帕灣光芒 @ 堪薩斯市皇家,51423464.1,357,勝分差,252778530.1,堪薩斯皇家 1 分,H,,4.40,5,17,H,,
2026-07-02,2026-07-02T19:59:40,台灣運彩,824093,3476531.1,125,2026-07-03T07:40:00+08:00,坦帕灣光芒,堪薩斯市皇家,坦帕灣光芒 @ 堪薩斯市皇家,51423464.1,357,勝分差,252778531.1,堪薩斯皇家 2 分,H,,8.00,1,7,H,,
2026-07-02,2026-07-02T19:59:40,台灣運彩,824093,3476531.1,125,2026-07-03T07:40:00+08:00,坦帕灣光芒,堪薩斯市皇家,坦帕灣光芒 @ 堪薩斯市皇家,51423464.1,357,勝分差,252778532.1,堪薩斯皇家 > 2分,H,,2.95,20,39,H,,
2026-07-02,2026-07-02T19:59:40,台灣運彩,824093,3476531.1,125,2026-07-03T07:40:00+08:00,坦帕灣光芒,堪薩斯市皇家,坦帕灣光芒 @ 堪薩斯市皇家,51423456.1,358,讓分 1.5,252778514.1,堪薩斯皇家 +1.5,H,1.5,1.58,50,29,H,1.5,1
2026-07-02,2026-07-02T19:59:40,台灣運彩,824093,3476531.1,125,2026-07-03T07:40:00+08:00,坦帕灣光芒,堪薩斯市皇家,坦帕灣光芒 @ 堪薩斯市皇家,51423456.1,358,讓分 1.5,252778515.1,坦帕灣光芒 -1.5,A,1.5,1.92,25,23,A,1.5,2
2026-07-02,2026-07-02T19:59:40,台灣運彩,824093,3476531.1,125,2026-07-03T07:40:00+08:00,坦帕灣光芒,堪薩斯市皇家,坦帕灣光芒 @ 堪薩斯市皇家,51423460.1,358,讓分 2.5,252778522.1,堪薩斯皇家 +2.5,H,2.5,1.40,5,2,H,2.5,1
2026-07-02,2026-07-02T19:59:40,台灣運彩,824093,3476531.1,125,2026-07-03T07:40:00+08:00,坦帕灣光芒,堪薩斯市皇家,坦帕灣光芒 @ 堪薩斯市皇家,51423460.1,358,讓分 2.5,252778523.1,坦帕灣光芒 -2.5,A,2.5,2.30,10,13,A,2.5,2
2026-07-02,2026-07-02T19:59:40,台灣運彩,824093,3476531.1,125,2026-07-03T07:40:00+08:00,坦帕灣光芒,堪薩斯市皇家,坦帕灣光芒 @ 堪薩斯市皇家,51423458.1,360,[總分]大小 9.5,252778519.1,大 9.5,A,9.5,1.58,50,29,A,9.5,
2026-07-02,2026-07-02T19:59:40,台灣運彩,824093,3476531.1,125,2026-07-03T07:40:00+08:00,坦帕灣光芒,堪薩斯市皇家,坦帕灣光芒 @ 堪薩斯市皇家,51423458.1,360,[總分]大小 9.5,252778518.1,小 9.5,H,9.5,1.92,25,23,H,9.5,
2026-07-02,2026-07-02T19:59:40,台灣運彩,824093,3476531.1,125,2026-07-03T07:40:00+08:00,坦帕灣光芒,堪薩斯市皇家,坦帕灣光芒 @ 堪薩斯市皇家,51423459.1,360,[總分]大小 10.5,252778521.1,大 10.5,A,10.5,1.79,100,79,A,10.5,
2026-07-02,2026-07-02T19:59:40,台灣運彩,824093,3476531.1,125,2026-07-03T07:40:00+08:00,坦帕灣光芒,堪薩斯市皇家,坦帕灣光芒 @ 堪薩斯市皇家,51423459.1,360,[總分]大小 10.5,252778520.1,小 10.5,H,10.5,1.71,100,71,H,10.5,
2026-07-02,2026-07-02T19:59:40,台灣運彩,824093,3476531.1,125,2026-07-03T07:40:00+08:00,坦帕灣光芒,堪薩斯市皇家,坦帕灣光芒 @ 堪薩斯市皇家,51423462.1,360,[總分]大小 11.5,252778527.1,大 11.5,A,11.5,2.07,100,107,A,11.5,
2026-07-02,2026-07-02T19:59:40,台灣運彩,824093,3476531.1,125,2026-07-03T07:40:00+08:00,坦帕灣光芒,堪薩斯市皇家,坦帕灣光芒 @ 堪薩斯市皇家,51423462.1,360,[總分]大小 11.5,252778526.1,小 11.5,H,11.5,1.46,50,23,H,11.5,
2026-07-02,2026-07-02T19:59:40,台灣運彩,824093,3476531.1,125,2026-07-03T07:40:00+08:00,坦帕灣光芒,堪薩斯市皇家,坦帕灣光芒 @ 堪薩斯市皇家,51423457.1,362,堪薩斯皇家 大小 4.5,252778517.1,大 4.5,A,4.5,1.68,25,17,A,4.5,
2026-07-02,2026-07-02T19:59:40,台灣運彩,824093,3476531.1,125,2026-07-03T07:40:00+08:00,坦帕灣光芒,堪薩斯市皇家,坦帕灣光芒 @ 堪薩斯市皇家,51423457.1,362,堪薩斯皇家 大小 4.5,252778516.1,小 4.5,H,4.5,1.75,4,3,H,4.5,
2026-07-02,2026-07-02T19:59:40,台灣運彩,824093,3476531.1,125,2026-07-03T07:40:00+08:00,坦帕灣光芒,堪薩斯市皇家,坦帕灣光芒 @ 堪薩斯市皇家,51423461.1,363,坦帕灣光芒 大小 5.5,252778525.1,大 5.5,A,5.5,1.80,5,4,A,5.5,
2026-07-02,2026-07-02T19:59:40,台灣運彩,824093,3476531.1,125,2026-07-03T07:40:00+08:00,坦帕灣光芒,堪薩斯市皇家,坦帕灣光芒 @ 堪薩斯市皇家,51423461.1,363,坦帕灣光芒 大小 5.5,252778524.1,小 5.5,H,5.5,1.63,100,63,H,5.5,
2026-07-02,2026-07-02T19:59:40,台灣運彩,824093,3476531.1,125,2026-07-03T07:40:00+08:00,坦帕灣光芒,堪薩斯市皇家,坦帕灣光芒 @ 堪薩斯市皇家,51423455.1,366,[總分]單雙,252778513.1,單,,,1.48,25,12,,,
2026-07-02,2026-07-02T19:59:40,台灣運彩,824093,3476531.1,125,2026-07-03T07:40:00+08:00,坦帕灣光芒,堪薩斯市皇家,坦帕灣光芒 @ 堪薩斯市皇家,51423455.1,366,[總分]單雙,252778512.1,雙,,,2.00,1,1,,,
2026-07-02,2026-07-02T19:59:40,台灣運彩,824093,3476531.1,125,2026-07-03T07:40:00+08:00,坦帕灣光芒,堪薩斯市皇家,坦帕灣光芒 @ 堪薩斯市皇家,51423561.1,374,得分最高單局(不含延長賽),252778808.1,一樣多,,,2.35,20,27,,,
2026-07-02,2026-07-02T19:59:40,台灣運彩,824093,3476531.1,125,2026-07-03T07:40:00+08:00,坦帕灣光芒,堪薩斯市皇家,坦帕灣光芒 @ 堪薩斯市皇家,51423561.1,374,得分最高單局(不含延長賽),252778799.1,第1局,,,5.95,20,99,,,
2026-07-02,2026-07-02T19:59:40,台灣運彩,824093,3476531.1,125,2026-07-03T07:40:00+08:00,坦帕灣光芒,堪薩斯市皇家,坦帕灣光芒 @ 堪薩斯市皇家,51423561.1,374,得分最高單局(不含延長賽),252778800.1,第2局,,,6.75,4,23,,,
2026-07-02,2026-07-02T19:59:40,台灣運彩,824093,3476531.1,125,2026-07-03T07:40:00+08:00,坦帕灣光芒,堪薩斯市皇家,坦帕灣光芒 @ 堪薩斯市皇家,51423561.1,374,得分最高單局(不含延長賽),252778801.1,第3局,,,6.00,1,5,,,
2026-07-02,2026-07-02T19:59:40,台灣運彩,824093,3476531.1,125,2026-07-03T07:40:00+08:00,坦帕灣光芒,堪薩斯市皇家,坦帕灣光芒 @ 堪薩斯市皇家,51423561.1,374,得分最高單局(不含延長賽),252778802.1,第4局,,,6.50,2,11,,,
2026-07-02,2026-07-02T19:59:40,台灣運彩,824093,3476531.1,125,2026-07-03T07:40:00+08:00,坦帕灣光芒,堪薩斯市皇家,坦帕灣光芒 @ 堪薩斯市皇家,51423561.1,374,得分最高單局(不含延長賽),252778803.1,第5局,,,6.50,2,11,,,
2026-07-02,2026-07-02T19:59:40,台灣運彩,824093,3476531.1,125,2026-07-03T07:40:00+08:00,坦帕灣光芒,堪薩斯市皇家,坦帕灣光芒 @ 堪薩斯市皇家,51423561.1,374,得分最高單局(不含延長賽),252778804.1,第6局,,,5.35,20,87,,,
2026-07-02,2026-07-02T19:59:40,台灣運彩,824093,3476531.1,125,2026-07-03T07:40:00+08:00,坦帕灣光芒,堪薩斯市皇家,坦帕灣光芒 @ 堪薩斯市皇家,51423561.1,374,得分最高單局(不含延長賽),252778805.1,第7局,,,5.40,5,22,,,
2026-07-02,2026-07-02T19:59:40,台灣運彩,824093,3476531.1,125,2026-07-03T07:40:00+08:00,坦帕灣光芒,堪薩斯市皇家,坦帕灣光芒 @ 堪薩斯市皇家,51423561.1,374,得分最高單局(不含延長賽),252778806.1,第8局,,,5.35,20,87,,,
2026-07-02,2026-07-02T19:59:40,台灣運彩,824093,3476531.1,125,2026-07-03T07:40:00+08:00,坦帕灣光芒,堪薩斯市皇家,坦帕灣光芒 @ 堪薩斯市皇家,51423561.1,374,得分最高單局(不含延長賽),252778807.1,第9局,,,7.75,4,27,,,
2026-07-02,2026-07-02T19:59:40,台灣運彩,824093,3476531.1,125,2026-07-03T07:40:00+08:00,坦帕灣光芒,堪薩斯市皇家,坦帕灣光芒 @ 堪薩斯市皇家,51423556.1,376,[1-5局] 不讓分,252778787.1,堪薩斯皇家,H,,1.90,10,9,H,,1
2026-07-02,2026-07-02T19:59:40,台灣運彩,824093,3476531.1,125,2026-07-03T07:40:00+08:00,坦帕灣光芒,堪薩斯市皇家,坦帕灣光芒 @ 堪薩斯市皇家,51423556.1,376,[1-5局] 不讓分,252778789.1,坦帕灣光芒,A,,1.70,10,7,A,,2
2026-07-02,2026-07-02T19:59:40,台灣運彩,824093,3476531.1,125,2026-07-03T07:40:00+08:00,坦帕灣光芒,堪薩斯市皇家,坦帕灣光芒 @ 堪薩斯市皇家,51423556.1,376,[1-5局] 不讓分,252778788.1,和局,D,,5.15,20,83,D,,
2026-07-02,2026-07-02T19:59:40,台灣運彩,824093,3476531.1,125,2026-07-03T07:40:00+08:00,坦帕灣光芒,堪薩斯市皇家,坦帕灣光芒 @ 堪薩斯市皇家,51423560.1,378,[1-5局] 大小 5.5,252778798.1,大 5.5,A,5.5,1.75,4,3,A,5.5,
2026-07-02,2026-07-02T19:59:40,台灣運彩,824093,3476531.1,125,2026-07-03T07:40:00+08:00,坦帕灣光芒,堪薩斯市皇家,坦帕灣光芒 @ 堪薩斯市皇家,51423560.1,378,[1-5局] 大小 5.5,252778797.1,小 5.5,H,5.5,1.58,50,29,H,5.5,
2026-07-02,2026-07-02T19:59:40,台灣運彩,824093,3476531.1,125,2026-07-03T07:40:00+08:00,坦帕灣光芒,堪薩斯市皇家,坦帕灣光芒 @ 堪薩斯市皇家,51423559.1,379,[1-5局] 堪薩斯皇家 大小 2.5,252778796.1,大 2.5,A,2.5,1.86,50,43,A,2.5,
2026-07-02,2026-07-02T19:59:40,台灣運彩,824093,3476531.1,125,2026-07-03T07:40:00+08:00,坦帕灣光芒,堪薩斯市皇家,坦帕灣光芒 @ 堪薩斯市皇家,51423559.1,379,[1-5局] 堪薩斯皇家 大小 2.5,252778795.1,小 2.5,H,2.5,1.58,50,29,H,2.5,
2026-07-02,2026-07-02T19:59:40,台灣運彩,824093,3476531.1,125,2026-07-03T07:40:00+08:00,坦帕灣光芒,堪薩斯市皇家,坦帕灣光芒 @ 堪薩斯市皇家,51423558.1,380,[1-5局] 坦帕灣光芒 大小 2.5,252778794.1,大 2.5,A,2.5,1.75,4,3,A,2.5,
2026-07-02,2026-07-02T19:59:40,台灣運彩,824093,3476531.1,125,2026-07-03T07:40:00+08:00,坦帕灣光芒,堪薩斯市皇家,坦帕灣光芒 @ 堪薩斯市皇家,51423558.1,380,[1-5局] 坦帕灣光芒 大小 2.5,252778793.1,小 2.5,H,2.5,1.68,25,17,H,2.5,
2026-07-02,2026-07-02T19:59:40,台灣運彩,824093,3476531.1,125,2026-07-03T07:40:00+08:00,坦帕灣光芒,堪薩斯市皇家,坦帕灣光芒 @ 堪薩斯市皇家,51423557.1,389,[第1局] 不讓分,252778790.1,堪薩斯皇家,H,,3.00,1,2,H,,1
2026-07-02,2026-07-02T19:59:40,台灣運彩,824093,3476531.1,125,2026-07-03T07:40:00+08:00,坦帕灣光芒,堪薩斯市皇家,坦帕灣光芒 @ 堪薩斯市皇家,51423557.1,389,[第1局] 不讓分,252778792.1,坦帕灣光芒,A,,2.80,5,9,A,,2
2026-07-02,2026-07-02T19:59:40,台灣運彩,824093,3476531.1,125,2026-07-03T07:40:00+08:00,坦帕灣光芒,堪薩斯市皇家,坦帕灣光芒 @ 堪薩斯市皇家,51423557.1,389,[第1局] 不讓分,252778791.1,和局,D,,1.65,20,13,D,,
2026-07-02,2026-07-02T19:59:40,台灣運彩,824093,3476531.1,125,2026-07-03T07:40:00+08:00,坦帕灣光芒,堪薩斯市皇家,坦帕灣光芒 @ 堪薩斯市皇家,51423562.1,398,[第1局] 大小 0.5,252778810.1,大 0.5,A,0.5,1.58,50,29,A,0.5,
2026-07-02,2026-07-02T19:59:40,台灣運彩,824093,3476531.1,125,2026-07-03T07:40:00+08:00,坦帕灣光芒,堪薩斯市皇家,坦帕灣光芒 @ 堪薩斯市皇家,51423562.1,398,[第1局] 大小 0.5,252778809.1,小 0.5,H,0.5,1.75,4,3,H,0.5,
2026-07-02,2026-07-02T19:59:40,台灣運彩,822884,3476528.1,121,2026-07-03T08:05:00+08:00,底特律老虎,德州遊騎兵,底特律老虎 @ 德州遊騎兵,51423393.1,354,不讓分,252778321.1,德州遊騎兵,H,,1.62,50,31,H,,1
2026-07-02,2026-07-02T19:59:40,台灣運彩,822884,3476528.1,121,2026-07-03T08:05:00+08:00,底特律老虎,德州遊騎兵,底特律老虎 @ 德州遊騎兵,51423393.1,354,不讓分,252778322.1,底特律老虎,A,,1.88,25,22,A,,2
2026-07-02,2026-07-02T19:59:40,台灣運彩,822884,3476528.1,121,2026-07-03T08:05:00+08:00,底特律老虎,德州遊騎兵,底特律老虎 @ 德州遊騎兵,51423402.1,357,勝分差,252778343.1,底特律老虎 1 分,A,,5.35,20,87,A,,
2026-07-02,2026-07-02T19:59:40,台灣運彩,822884,3476528.1,121,2026-07-03T08:05:00+08:00,底特律老虎,德州遊騎兵,底特律老虎 @ 德州遊騎兵,51423402.1,357,勝分差,252778344.1,底特律老虎 2 分,A,,7.00,1,6,A,,
2026-07-02,2026-07-02T19:59:40,台灣運彩,822884,3476528.1,121,2026-07-03T08:05:00+08:00,底特律老虎,德州遊騎兵,底特律老虎 @ 德州遊騎兵,51423402.1,357,勝分差,252778345.1,底特律老虎 > 2分,A,,3.00,1,2,A,,
2026-07-02,2026-07-02T19:59:40,台灣運彩,822884,3476528.1,121,2026-07-03T08:05:00+08:00,底特律老虎,德州遊騎兵,底特律老虎 @ 德州遊騎兵,51423402.1,357,勝分差,252778340.1,德州遊騎兵 1 分,H,,3.85,20,57,H,,
2026-07-02,2026-07-02T19:59:40,台灣運彩,822884,3476528.1,121,2026-07-03T08:05:00+08:00,底特律老虎,德州遊騎兵,底特律老虎 @ 德州遊騎兵,51423402.1,357,勝分差,252778341.1,德州遊騎兵 2 分,H,,6.75,4,23,H,,
2026-07-02,2026-07-02T19:59:40,台灣運彩,822884,3476528.1,121,2026-07-03T08:05:00+08:00,底特律老虎,德州遊騎兵,底特律老虎 @ 德州遊騎兵,51423402.1,357,勝分差,252778342.1,德州遊騎兵 > 2分,H,,2.65,20,33,H,,
2026-07-02,2026-07-02T19:59:40,台灣運彩,822884,3476528.1,121,2026-07-03T08:05:00+08:00,底特律老虎,德州遊騎兵,底特律老虎 @ 德州遊騎兵,51423404.1,358,讓分 -1.5,252778349.1,德州遊騎兵 -1.5,H,-1.5,2.10,10,11,H,-1.5,1
2026-07-02,2026-07-02T19:59:40,台灣運彩,822884,3476528.1,121,2026-07-03T08:05:00+08:00,底特律老虎,德州遊騎兵,底特律老虎 @ 德州遊騎兵,51423404.1,358,讓分 -1.5,252778350.1,底特律老虎 +1.5,A,-1.5,1.45,20,9,A,-1.5,2
2026-07-02,2026-07-02T19:59:40,台灣運彩,822884,3476528.1,121,2026-07-03T08:05:00+08:00,底特律老虎,德州遊騎兵,底特律老虎 @ 德州遊騎兵,51423396.1,360,[總分]大小 7.5,252778328.1,大 7.5,A,7.5,1.75,4,3,A,7.5,
2026-07-02,2026-07-02T19:59:40,台灣運彩,822884,3476528.1,121,2026-07-03T08:05:00+08:00,底特律老虎,德州遊騎兵,底特律老虎 @ 德州遊騎兵,51423396.1,360,[總分]大小 7.5,252778327.1,小 7.5,H,7.5,1.75,4,3,H,7.5,
2026-07-02,2026-07-02T19:59:40,台灣運彩,822884,3476528.1,121,2026-07-03T08:05:00+08:00,底特律老虎,德州遊騎兵,底特律老虎 @ 德州遊騎兵,51423400.1,362,德州遊騎兵 大小 3.5,252778337.1,大 3.5,A,3.5,1.62,50,31,A,3.5,
2026-07-02,2026-07-02T19:59:40,台灣運彩,822884,3476528.1,121,2026-07-03T08:05:00+08:00,底特律老虎,德州遊騎兵,底特律老虎 @ 德州遊騎兵,51423400.1,362,德州遊騎兵 大小 3.5,252778336.1,小 3.5,H,3.5,1.82,50,41,H,3.5,
2026-07-02,2026-07-02T19:59:40,台灣運彩,822884,3476528.1,121,2026-07-03T08:05:00+08:00,底特律老虎,德州遊騎兵,底特律老虎 @ 德州遊騎兵,51423394.1,363,底特律老虎 大小 3.5,252778324.1,大 3.5,A,3.5,1.75,4,3,A,3.5,
2026-07-02,2026-07-02T19:59:40,台灣運彩,822884,3476528.1,121,2026-07-03T08:05:00+08:00,底特律老虎,德州遊騎兵,底特律老虎 @ 德州遊騎兵,51423394.1,363,底特律老虎 大小 3.5,252778323.1,小 3.5,H,3.5,1.68,25,17,H,3.5,
2026-07-02,2026-07-02T19:59:40,台灣運彩,822884,3476528.1,121,2026-07-03T08:05:00+08:00,底特律老虎,德州遊騎兵,底特律老虎 @ 德州遊騎兵,51423392.1,366,[總分]單雙,252778320.1,單,,,1.43,100,43,,,
2026-07-02,2026-07-02T19:59:40,台灣運彩,822884,3476528.1,121,2026-07-03T08:05:00+08:00,底特律老虎,德州遊騎兵,底特律老虎 @ 德州遊騎兵,51423392.1,366,[總分]單雙,252778319.1,雙,,,1.98,50,49,,,
2026-07-02,2026-07-02T19:59:40,台灣運彩,822884,3476528.1,121,2026-07-03T08:05:00+08:00,底特律老虎,德州遊騎兵,底特律老虎 @ 德州遊騎兵,51423405.1,374,得分最高單局(不含延長賽),252778360.1,一樣多,,,2.30,10,13,,,
2026-07-02,2026-07-02T19:59:40,台灣運彩,822884,3476528.1,121,2026-07-03T08:05:00+08:00,底特律老虎,德州遊騎兵,底特律老虎 @ 德州遊騎兵,51423405.1,374,得分最高單局(不含延長賽),252778351.1,第1局,,,5.75,4,19,,,
2026-07-02,2026-07-02T19:59:40,台灣運彩,822884,3476528.1,121,2026-07-03T08:05:00+08:00,底特律老虎,德州遊騎兵,底特律老虎 @ 德州遊騎兵,51423405.1,374,得分最高單局(不含延長賽),252778352.1,第2局,,,6.75,4,23,,,
2026-07-02,2026-07-02T19:59:40,台灣運彩,822884,3476528.1,121,2026-07-03T08:05:00+08:00,底特律老虎,德州遊騎兵,底特律老虎 @ 德州遊騎兵,51423405.1,374,得分最高單局(不含延長賽),252778353.1,第3局,,,6.25,4,21,,,
2026-07-02,2026-07-02T19:59:40,台灣運彩,822884,3476528.1,121,2026-07-03T08:05:00+08:00,底特律老虎,德州遊騎兵,底特律老虎 @ 德州遊騎兵,51423405.1,374,得分最高單局(不含延長賽),252778354.1,第4局,,,6.50,2,11,,,
2026-07-02,2026-07-02T19:59:40,台灣運彩,822884,3476528.1,121,2026-07-03T08:05:00+08:00,底特律老虎,德州遊騎兵,底特律老虎 @ 德州遊騎兵,51423405.1,374,得分最高單局(不含延長賽),252778355.1,第5局,,,4.00,1,3,,,
2026-07-02,2026-07-02T19:59:40,台灣運彩,822884,3476528.1,121,2026-07-03T08:05:00+08:00,底特律老虎,德州遊騎兵,底特律老虎 @ 德州遊騎兵,51423405.1,374,得分最高單局(不含延長賽),252778356.1,第6局,,,6.25,4,21,,,
2026-07-02,2026-07-02T19:59:40,台灣運彩,822884,3476528.1,121,2026-07-03T08:05:00+08:00,底特律老虎,德州遊騎兵,底特律老虎 @ 德州遊騎兵,51423405.1,374,得分最高單局(不含延長賽),252778357.1,第7局,,,6.50,2,11,,,
2026-07-02,2026-07-02T19:59:40,台灣運彩,822884,3476528.1,121,2026-07-03T08:05:00+08:00,底特律老虎,德州遊騎兵,底特律老虎 @ 德州遊騎兵,51423405.1,374,得分最高單局(不含延長賽),252778358.1,第8局,,,6.00,1,5,,,
2026-07-02,2026-07-02T19:59:40,台灣運彩,822884,3476528.1,121,2026-07-03T08:05:00+08:00,底特律老虎,德州遊騎兵,底特律老虎 @ 德州遊騎兵,51423405.1,374,得分最高單局(不含延長賽),252778359.1,第9局,,,8.00,1,7,,,
2026-07-02,2026-07-02T19:59:40,台灣運彩,822884,3476528.1,121,2026-07-03T08:05:00+08:00,底特律老虎,德州遊騎兵,底特律老虎 @ 德州遊騎兵,51423403.1,376,[1-5局] 不讓分,252778346.1,德州遊騎兵,H,,1.75,4,3,H,,1
2026-07-02,2026-07-02T19:59:40,台灣運彩,822884,3476528.1,121,2026-07-03T08:05:00+08:00,底特律老虎,德州遊騎兵,底特律老虎 @ 德州遊騎兵,51423403.1,376,[1-5局] 不讓分,252778348.1,底特律老虎,A,,2.05,20,21,A,,2
2026-07-02,2026-07-02T19:59:40,台灣運彩,822884,3476528.1,121,2026-07-03T08:05:00+08:00,底特律老虎,德州遊騎兵,底特律老虎 @ 德州遊騎兵,51423403.1,376,[1-5局] 不讓分,252778347.1,和局,D,,4.30,10,33,D,,
2026-07-02,2026-07-02T19:59:40,台灣運彩,822884,3476528.1,121,2026-07-03T08:05:00+08:00,底特律老虎,德州遊騎兵,底特律老虎 @ 德州遊騎兵,51423417.1,378,[1-5局] 大小 4.5,252778386.1,大 4.5,A,4.5,1.85,20,17,A,4.5,
2026-07-02,2026-07-02T19:59:40,台灣運彩,822884,3476528.1,121,2026-07-03T08:05:00+08:00,底特律老虎,德州遊騎兵,底特律老虎 @ 德州遊騎兵,51423417.1,378,[1-5局] 大小 4.5,252778385.1,小 4.5,H,4.5,1.50,2,1,H,4.5,
2026-07-02,2026-07-02T19:59:40,台灣運彩,822884,3476528.1,121,2026-07-03T08:05:00+08:00,底特律老虎,德州遊騎兵,底特律老虎 @ 德州遊騎兵,51423397.1,379,[1-5局] 德州遊騎兵 大小 1.5,252778330.1,大 1.5,A,1.5,1.52,25,13,A,1.5,
2026-07-02,2026-07-02T19:59:40,台灣運彩,822884,3476528.1,121,2026-07-03T08:05:00+08:00,底特律老虎,德州遊騎兵,底特律老虎 @ 德州遊騎兵,51423397.1,379,[1-5局] 德州遊騎兵 大小 1.5,252778329.1,小 1.5,H,1.5,1.94,50,47,H,1.5,
2026-07-02,2026-07-02T19:59:40,台灣運彩,822884,3476528.1,121,2026-07-03T08:05:00+08:00,底特律老虎,德州遊騎兵,底特律老虎 @ 德州遊騎兵,51423395.1,380,[1-5局] 底特律老虎 大小 1.5,252778326.1,大 1.5,A,1.5,1.70,10,7,A,1.5,
2026-07-02,2026-07-02T19:59:40,台灣運彩,822884,3476528.1,121,2026-07-03T08:05:00+08:00,底特律老虎,德州遊騎兵,底特律老虎 @ 德州遊騎兵,51423395.1,380,[1-5局] 底特律老虎 大小 1.5,252778325.1,小 1.5,H,1.5,1.73,100,73,H,1.5,
2026-07-02,2026-07-02T19:59:40,台灣運彩,822884,3476528.1,121,2026-07-03T08:05:00+08:00,底特律老虎,德州遊騎兵,底特律老虎 @ 德州遊騎兵,51423399.1,389,[第1局] 不讓分,252778333.1,德州遊騎兵,H,,3.00,1,2,H,,1
2026-07-02,2026-07-02T19:59:40,台灣運彩,822884,3476528.1,121,2026-07-03T08:05:00+08:00,底特律老虎,德州遊騎兵,底特律老虎 @ 德州遊騎兵,51423399.1,389,[第1局] 不讓分,252778335.1,底特律老虎,A,,3.50,2,5,A,,2
2026-07-02,2026-07-02T19:59:40,台灣運彩,822884,3476528.1,121,2026-07-03T08:05:00+08:00,底特律老虎,德州遊騎兵,底特律老虎 @ 德州遊騎兵,51423399.1,389,[第1局] 不讓分,252778334.1,和局,D,,1.45,20,9,D,,
2026-07-02,2026-07-02T19:59:40,台灣運彩,822884,3476528.1,121,2026-07-03T08:05:00+08:00,底特律老虎,德州遊騎兵,底特律老虎 @ 德州遊騎兵,51423398.1,398,[第1局] 大小 0.5,252778332.1,大 0.5,A,0.5,1.78,50,39,A,0.5,
2026-07-02,2026-07-02T19:59:40,台灣運彩,822884,3476528.1,121,2026-07-03T08:05:00+08:00,底特律老虎,德州遊騎兵,底特律老虎 @ 德州遊騎兵,51423398.1,398,[第1局] 大小 0.5,252778331.1,小 0.5,H,0.5,1.56,25,14,H,0.5,
2026-07-02,2026-07-02T19:59:40,台灣運彩,823119,3476533.1,131,2026-07-03T09:40:00+08:00,洛杉磯天使,西雅圖水手,洛杉磯天使 @ 西雅圖水手,51423482.1,354,不讓分,252778579.1,西雅圖水手,H,,1.35,20,7,H,,1
2026-07-02,2026-07-02T19:59:40,台灣運彩,823119,3476533.1,131,2026-07-03T09:40:00+08:00,洛杉磯天使,西雅圖水手,洛杉磯天使 @ 西雅圖水手,51423482.1,354,不讓分,252778580.1,洛杉磯天使,A,,2.45,20,29,A,,2
2026-07-02,2026-07-02T19:59:40,台灣運彩,823119,3476533.1,131,2026-07-03T09:40:00+08:00,洛杉磯天使,西雅圖水手,洛杉磯天使 @ 西雅圖水手,51423493.1,357,勝分差,252778605.1,洛杉磯天使 1 分,A,,5.90,10,49,A,,
2026-07-02,2026-07-02T19:59:40,台灣運彩,823119,3476533.1,131,2026-07-03T09:40:00+08:00,洛杉磯天使,西雅圖水手,洛杉磯天使 @ 西雅圖水手,51423493.1,357,勝分差,252778606.1,洛杉磯天使 2 分,A,,8.75,4,31,A,,
2026-07-02,2026-07-02T19:59:40,台灣運彩,823119,3476533.1,131,2026-07-03T09:40:00+08:00,洛杉磯天使,西雅圖水手,洛杉磯天使 @ 西雅圖水手,51423493.1,357,勝分差,252778607.1,洛杉磯天使 > 2分,A,,4.00,1,3,A,,
2026-07-02,2026-07-02T19:59:40,台灣運彩,823119,3476533.1,131,2026-07-03T09:40:00+08:00,洛杉磯天使,西雅圖水手,洛杉磯天使 @ 西雅圖水手,51423493.1,357,勝分差,252778602.1,西雅圖水手 1 分,H,,3.75,4,11,H,,
2026-07-02,2026-07-02T19:59:40,台灣運彩,823119,3476533.1,131,2026-07-03T09:40:00+08:00,洛杉磯天使,西雅圖水手,洛杉磯天使 @ 西雅圖水手,51423493.1,357,勝分差,252778603.1,西雅圖水手 2 分,H,,6.00,1,5,H,,
2026-07-02,2026-07-02T19:59:40,台灣運彩,823119,3476533.1,131,2026-07-03T09:40:00+08:00,洛杉磯天使,西雅圖水手,洛杉磯天使 @ 西雅圖水手,51423493.1,357,勝分差,252778604.1,西雅圖水手 > 2分,H,,2.05,20,21,H,,
2026-07-02,2026-07-02T19:59:40,台灣運彩,823119,3476533.1,131,2026-07-03T09:40:00+08:00,洛杉磯天使,西雅圖水手,洛杉磯天使 @ 西雅圖水手,51423485.1,358,讓分 -2.5,252778585.1,西雅圖水手 -2.5,H,-2.5,2.15,20,23,H,-2.5,1
2026-07-02,2026-07-02T19:59:40,台灣運彩,823119,3476533.1,131,2026-07-03T09:40:00+08:00,洛杉磯天使,西雅圖水手,洛杉磯天使 @ 西雅圖水手,51423485.1,358,讓分 -2.5,252778586.1,洛杉磯天使 +2.5,A,-2.5,1.43,100,43,A,-2.5,2
2026-07-02,2026-07-02T19:59:40,台灣運彩,823119,3476533.1,131,2026-07-03T09:40:00+08:00,洛杉磯天使,西雅圖水手,洛杉磯天使 @ 西雅圖水手,51423488.1,358,讓分 -1.5,252778591.1,西雅圖水手 -1.5,H,-1.5,1.79,100,79,H,-1.5,1
2026-07-02,2026-07-02T19:59:40,台灣運彩,823119,3476533.1,131,2026-07-03T09:40:00+08:00,洛杉磯天使,西雅圖水手,洛杉磯天使 @ 西雅圖水手,51423488.1,358,讓分 -1.5,252778592.1,洛杉磯天使 +1.5,A,-1.5,1.71,100,71,A,-1.5,2
2026-07-02,2026-07-02T19:59:40,台灣運彩,823119,3476533.1,131,2026-07-03T09:40:00+08:00,洛杉磯天使,西雅圖水手,洛杉磯天使 @ 西雅圖水手,51423484.1,360,[總分]大小 8.5,252778584.1,大 8.5,A,8.5,2.00,1,1,A,8.5,
2026-07-02,2026-07-02T19:59:40,台灣運彩,823119,3476533.1,131,2026-07-03T09:40:00+08:00,洛杉磯天使,西雅圖水手,洛杉磯天使 @ 西雅圖水手,51423484.1,360,[總分]大小 8.5,252778583.1,小 8.5,H,8.5,1.50,2,1,H,8.5,
2026-07-02,2026-07-02T19:59:40,台灣運彩,823119,3476533.1,131,2026-07-03T09:40:00+08:00,洛杉磯天使,西雅圖水手,洛杉磯天使 @ 西雅圖水手,51423490.1,360,[總分]大小 7.5,252778597.1,大 7.5,A,7.5,1.78,50,39,A,7.5,
2026-07-02,2026-07-02T19:59:40,台灣運彩,823119,3476533.1,131,2026-07-03T09:40:00+08:00,洛杉磯天使,西雅圖水手,洛杉磯天使 @ 西雅圖水手,51423490.1,360,[總分]大小 7.5,252778596.1,小 7.5,H,7.5,1.72,25,18,H,7.5,
2026-07-02,2026-07-02T19:59:40,台灣運彩,823119,3476533.1,131,2026-07-03T09:40:00+08:00,洛杉磯天使,西雅圖水手,洛杉磯天使 @ 西雅圖水手,51423491.1,360,[總分]大小 6.5,252778599.1,大 6.5,A,6.5,1.45,20,9,A,6.5,
2026-07-02,2026-07-02T19:59:40,台灣運彩,823119,3476533.1,131,2026-07-03T09:40:00+08:00,洛杉磯天使,西雅圖水手,洛杉磯天使 @ 西雅圖水手,51423491.1,360,[總分]大小 6.5,252778598.1,小 6.5,H,6.5,2.10,10,11,H,6.5,
2026-07-02,2026-07-02T19:59:40,台灣運彩,823119,3476533.1,131,2026-07-03T09:40:00+08:00,洛杉磯天使,西雅圖水手,洛杉磯天使 @ 西雅圖水手,51423483.1,362,西雅圖水手 大小 4.5,252778582.1,大 4.5,A,4.5,1.85,20,17,A,4.5,
2026-07-02,2026-07-02T19:59:40,台灣運彩,823119,3476533.1,131,2026-07-03T09:40:00+08:00,洛杉磯天使,西雅圖水手,洛杉磯天使 @ 西雅圖水手,51423483.1,362,西雅圖水手 大小 4.5,252778581.1,小 4.5,H,4.5,1.60,5,3,H,4.5,
2026-07-02,2026-07-02T19:59:40,台灣運彩,823119,3476533.1,131,2026-07-03T09:40:00+08:00,洛杉磯天使,西雅圖水手,洛杉磯天使 @ 西雅圖水手,51423497.1,363,洛杉磯天使 大小 2.5,252778624.1,大 2.5,A,2.5,1.60,5,3,A,2.5,
2026-07-02,2026-07-02T19:59:40,台灣運彩,823119,3476533.1,131,2026-07-03T09:40:00+08:00,洛杉磯天使,西雅圖水手,洛杉磯天使 @ 西雅圖水手,51423497.1,363,洛杉磯天使 大小 2.5,252778623.1,小 2.5,H,2.5,1.85,20,17,H,2.5,
2026-07-02,2026-07-02T19:59:40,台灣運彩,823119,3476533.1,131,2026-07-03T09:40:00+08:00,洛杉磯天使,西雅圖水手,洛杉磯天使 @ 西雅圖水手,51423481.1,366,[總分]單雙,252778578.1,單,,,1.46,50,23,,,
2026-07-02,2026-07-02T19:59:40,台灣運彩,823119,3476533.1,131,2026-07-03T09:40:00+08:00,洛杉磯天使,西雅圖水手,洛杉磯天使 @ 西雅圖水手,51423481.1,366,[總分]單雙,252778577.1,雙,,,2.05,20,21,,,
2026-07-02,2026-07-02T19:59:40,台灣運彩,823119,3476533.1,131,2026-07-03T09:40:00+08:00,洛杉磯天使,西雅圖水手,洛杉磯天使 @ 西雅圖水手,51423494.1,374,得分最高單局(不含延長賽),252778617.1,一樣多,,,2.20,5,6,,,
2026-07-02,2026-07-02T19:59:40,台灣運彩,823119,3476533.1,131,2026-07-03T09:40:00+08:00,洛杉磯天使,西雅圖水手,洛杉磯天使 @ 西雅圖水手,51423494.1,374,得分最高單局(不含延長賽),252778608.1,第1局,,,5.35,20,87,,,
2026-07-02,2026-07-02T19:59:40,台灣運彩,823119,3476533.1,131,2026-07-03T09:40:00+08:00,洛杉磯天使,西雅圖水手,洛杉磯天使 @ 西雅圖水手,51423494.1,374,得分最高單局(不含延長賽),252778609.1,第2局,,,6.50,2,11,,,
2026-07-02,2026-07-02T19:59:40,台灣運彩,823119,3476533.1,131,2026-07-03T09:40:00+08:00,洛杉磯天使,西雅圖水手,洛杉磯天使 @ 西雅圖水手,51423494.1,374,得分最高單局(不含延長賽),252778610.1,第3局,,,5.60,5,23,,,
2026-07-02,2026-07-02T19:59:40,台灣運彩,823119,3476533.1,131,2026-07-03T09:40:00+08:00,洛杉磯天使,西雅圖水手,洛杉磯天使 @ 西雅圖水手,51423494.1,374,得分最高單局(不含延長賽),252778611.1,第4局,,,6.25,4,21,,,
2026-07-02,2026-07-02T19:59:40,台灣運彩,823119,3476533.1,131,2026-07-03T09:40:00+08:00,洛杉磯天使,西雅圖水手,洛杉磯天使 @ 西雅圖水手,51423494.1,374,得分最高單局(不含延長賽),252778612.1,第5局,,,6.25,4,21,,,
2026-07-02,2026-07-02T19:59:40,台灣運彩,823119,3476533.1,131,2026-07-03T09:40:00+08:00,洛杉磯天使,西雅圖水手,洛杉磯天使 @ 西雅圖水手,51423494.1,374,得分最高單局(不含延長賽),252778613.1,第6局,,,5.85,20,97,,,
2026-07-02,2026-07-02T19:59:40,台灣運彩,823119,3476533.1,131,2026-07-03T09:40:00+08:00,洛杉磯天使,西雅圖水手,洛杉磯天使 @ 西雅圖水手,51423494.1,374,得分最高單局(不含延長賽),252778614.1,第7局,,,6.00,1,5,,,
2026-07-02,2026-07-02T19:59:40,台灣運彩,823119,3476533.1,131,2026-07-03T09:40:00+08:00,洛杉磯天使,西雅圖水手,洛杉磯天使 @ 西雅圖水手,51423494.1,374,得分最高單局(不含延長賽),252778615.1,第8局,,,5.80,5,24,,,
2026-07-02,2026-07-02T19:59:40,台灣運彩,823119,3476533.1,131,2026-07-03T09:40:00+08:00,洛杉磯天使,西雅圖水手,洛杉磯天使 @ 西雅圖水手,51423494.1,374,得分最高單局(不含延長賽),252778616.1,第9局,,,8.00,1,7,,,
2026-07-02,2026-07-02T19:59:40,台灣運彩,823119,3476533.1,131,2026-07-03T09:40:00+08:00,洛杉磯天使,西雅圖水手,洛杉磯天使 @ 西雅圖水手,51423489.1,376,[1-5局] 不讓分,252778593.1,西雅圖水手,H,,1.50,2,1,H,,1
2026-07-02,2026-07-02T19:59:40,台灣運彩,823119,3476533.1,131,2026-07-03T09:40:00+08:00,洛杉磯天使,西雅圖水手,洛杉磯天使 @ 西雅圖水手,51423489.1,376,[1-5局] 不讓分,252778595.1,洛杉磯天使,A,,2.40,5,7,A,,2
2026-07-02,2026-07-02T19:59:40,台灣運彩,823119,3476533.1,131,2026-07-03T09:40:00+08:00,洛杉磯天使,西雅圖水手,洛杉磯天使 @ 西雅圖水手,51423489.1,376,[1-5局] 不讓分,252778594.1,和局,D,,4.40,5,17,D,,
2026-07-02,2026-07-02T19:59:40,台灣運彩,823119,3476533.1,131,2026-07-03T09:40:00+08:00,洛杉磯天使,西雅圖水手,洛杉磯天使 @ 西雅圖水手,51423487.1,378,[1-5局] 大小 4.5,252778590.1,大 4.5,A,4.5,1.85,20,17,A,4.5,
2026-07-02,2026-07-02T19:59:40,台灣運彩,823119,3476533.1,131,2026-07-03T09:40:00+08:00,洛杉磯天使,西雅圖水手,洛杉磯天使 @ 西雅圖水手,51423487.1,378,[1-5局] 大小 4.5,252778589.1,小 4.5,H,4.5,1.50,2,1,H,4.5,
2026-07-02,2026-07-02T19:59:40,台灣運彩,823119,3476533.1,131,2026-07-03T09:40:00+08:00,洛杉磯天使,西雅圖水手,洛杉磯天使 @ 西雅圖水手,51423486.1,379,[1-5局] 西雅圖水手 大小 2.5,252778588.1,大 2.5,A,2.5,1.86,50,43,A,2.5,
2026-07-02,2026-07-02T19:59:40,台灣運彩,823119,3476533.1,131,2026-07-03T09:40:00+08:00,洛杉磯天使,西雅圖水手,洛杉磯天使 @ 西雅圖水手,51423486.1,379,[1-5局] 西雅圖水手 大小 2.5,252778587.1,小 2.5,H,2.5,1.58,50,29,H,2.5,
2026-07-02,2026-07-02T19:59:40,台灣運彩,823119,3476533.1,131,2026-07-03T09:40:00+08:00,洛杉磯天使,西雅圖水手,洛杉磯天使 @ 西雅圖水手,51423495.1,380,[1-5局] 洛杉磯天使 大小 1.5,252778619.1,大 1.5,A,1.5,1.90,10,9,A,1.5,
2026-07-02,2026-07-02T19:59:40,台灣運彩,823119,3476533.1,131,2026-07-03T09:40:00+08:00,洛杉磯天使,西雅圖水手,洛杉磯天使 @ 西雅圖水手,51423495.1,380,[1-5局] 洛杉磯天使 大小 1.5,252778618.1,小 1.5,H,1.5,1.55,20,11,H,1.5,
2026-07-02,2026-07-02T19:59:40,台灣運彩,823119,3476533.1,131,2026-07-03T09:40:00+08:00,洛杉磯天使,西雅圖水手,洛杉磯天使 @ 西雅圖水手,51423496.1,389,[第1局] 不讓分,252778620.1,西雅圖水手,H,,2.60,5,8,H,,1
2026-07-02,2026-07-02T19:59:40,台灣運彩,823119,3476533.1,131,2026-07-03T09:40:00+08:00,洛杉磯天使,西雅圖水手,洛杉磯天使 @ 西雅圖水手,51423496.1,389,[第1局] 不讓分,252778622.1,洛杉磯天使,A,,4.20,5,16,A,,2
2026-07-02,2026-07-02T19:59:40,台灣運彩,823119,3476533.1,131,2026-07-03T09:40:00+08:00,洛杉磯天使,西雅圖水手,洛杉磯天使 @ 西雅圖水手,51423496.1,389,[第1局] 不讓分,252778621.1,和局,D,,1.45,20,9,D,,
2026-07-02,2026-07-02T19:59:40,台灣運彩,823119,3476533.1,131,2026-07-03T09:40:00+08:00,洛杉磯天使,西雅圖水手,洛杉磯天使 @ 西雅圖水手,51423498.1,398,[第1局] 大小 0.5,252778626.1,大 0.5,A,0.5,1.78,50,39,A,0.5,
2026-07-02,2026-07-02T19:59:40,台灣運彩,823119,3476533.1,131,2026-07-03T09:40:00+08:00,洛杉磯天使,西雅圖水手,洛杉磯天使 @ 西雅圖水手,51423498.1,398,[第1局] 大小 0.5,252778625.1,小 0.5,H,0.5,1.56,25,14,H,0.5,
2026-07-02,2026-07-02T19:59:40,台灣運彩,823935,3476535.1,132,2026-07-03T10:10:00+08:00,聖地牙哥教士,洛杉磯道奇,聖地牙哥教士 @ 洛杉磯道奇,51423535.1,354,不讓分,252778730.1,洛杉磯道奇,H,,1.33,100,33,H,,1
2026-07-02,2026-07-02T19:59:40,台灣運彩,823935,3476535.1,132,2026-07-03T10:10:00+08:00,聖地牙哥教士,洛杉磯道奇,聖地牙哥教士 @ 洛杉磯道奇,51423535.1,354,不讓分,252778731.1,聖地牙哥教士,A,,2.47,100,147,A,,2
2026-07-02,2026-07-02T19:59:40,台灣運彩,823935,3476535.1,132,2026-07-03T10:10:00+08:00,聖地牙哥教士,洛杉磯道奇,聖地牙哥教士 @ 洛杉磯道奇,51423551.1,357,勝分差,252778764.1,洛杉磯道奇 1 分,H,,4.05,20,61,H,,
2026-07-02,2026-07-02T19:59:40,台灣運彩,823935,3476535.1,132,2026-07-03T10:10:00+08:00,聖地牙哥教士,洛杉磯道奇,聖地牙哥教士 @ 洛杉磯道奇,51423551.1,357,勝分差,252778765.1,洛杉磯道奇 2 分,H,,6.25,4,21,H,,
2026-07-02,2026-07-02T19:59:40,台灣運彩,823935,3476535.1,132,2026-07-03T10:10:00+08:00,聖地牙哥教士,洛杉磯道奇,聖地牙哥教士 @ 洛杉磯道奇,51423551.1,357,勝分差,252778766.1,洛杉磯道奇 > 2分,H,,1.85,20,17,H,,
2026-07-02,2026-07-02T19:59:40,台灣運彩,823935,3476535.1,132,2026-07-03T10:10:00+08:00,聖地牙哥教士,洛杉磯道奇,聖地牙哥教士 @ 洛杉磯道奇,51423551.1,357,勝分差,252778767.1,聖地牙哥教士 1 分,A,,6.50,2,11,A,,
2026-07-02,2026-07-02T19:59:40,台灣運彩,823935,3476535.1,132,2026-07-03T10:10:00+08:00,聖地牙哥教士,洛杉磯道奇,聖地牙哥教士 @ 洛杉磯道奇,51423551.1,357,勝分差,252778768.1,聖地牙哥教士 2 分,A,,9.50,2,17,A,,
2026-07-02,2026-07-02T19:59:40,台灣運彩,823935,3476535.1,132,2026-07-03T10:10:00+08:00,聖地牙哥教士,洛杉磯道奇,聖地牙哥教士 @ 洛杉磯道奇,51423551.1,357,勝分差,252778769.1,聖地牙哥教士 > 2分,A,,4.20,5,16,A,,
2026-07-02,2026-07-02T19:59:40,台灣運彩,823935,3476535.1,132,2026-07-03T10:10:00+08:00,聖地牙哥教士,洛杉磯道奇,聖地牙哥教士 @ 洛杉磯道奇,51423539.1,358,讓分 -1.5,252778738.1,洛杉磯道奇 -1.5,H,-1.5,1.72,25,18,H,-1.5,1
2026-07-02,2026-07-02T19:59:40,台灣運彩,823935,3476535.1,132,2026-07-03T10:10:00+08:00,聖地牙哥教士,洛杉磯道奇,聖地牙哥教士 @ 洛杉磯道奇,51423539.1,358,讓分 -1.5,252778739.1,聖地牙哥教士 +1.5,A,-1.5,1.78,50,39,A,-1.5,2
2026-07-02,2026-07-02T19:59:40,台灣運彩,823935,3476535.1,132,2026-07-03T10:10:00+08:00,聖地牙哥教士,洛杉磯道奇,聖地牙哥教士 @ 洛杉磯道奇,51423548.1,358,讓分 -2.5,252778758.1,洛杉磯道奇 -2.5,H,-2.5,2.00,1,1,H,-2.5,1
2026-07-02,2026-07-02T19:59:40,台灣運彩,823935,3476535.1,132,2026-07-03T10:10:00+08:00,聖地牙哥教士,洛杉磯道奇,聖地牙哥教士 @ 洛杉磯道奇,51423548.1,358,讓分 -2.5,252778759.1,聖地牙哥教士 +2.5,A,-2.5,1.50,2,1,A,-2.5,2
2026-07-02,2026-07-02T19:59:40,台灣運彩,823935,3476535.1,132,2026-07-03T10:10:00+08:00,聖地牙哥教士,洛杉磯道奇,聖地牙哥教士 @ 洛杉磯道奇,51423544.1,360,[總分]大小 7.5,252778750.1,大 7.5,A,7.5,1.45,20,9,A,7.5,
2026-07-02,2026-07-02T19:59:40,台灣運彩,823935,3476535.1,132,2026-07-03T10:10:00+08:00,聖地牙哥教士,洛杉磯道奇,聖地牙哥教士 @ 洛杉磯道奇,51423544.1,360,[總分]大小 7.5,252778749.1,小 7.5,H,7.5,2.10,10,11,H,7.5,
2026-07-02,2026-07-02T19:59:40,台灣運彩,823935,3476535.1,132,2026-07-03T10:10:00+08:00,聖地牙哥教士,洛杉磯道奇,聖地牙哥教士 @ 洛杉磯道奇,51423546.1,360,[總分]大小 8.5,252778754.1,大 8.5,A,8.5,1.65,20,13,A,8.5,
2026-07-02,2026-07-02T19:59:40,台灣運彩,823935,3476535.1,132,2026-07-03T10:10:00+08:00,聖地牙哥教士,洛杉磯道奇,聖地牙哥教士 @ 洛杉磯道奇,51423546.1,360,[總分]大小 8.5,252778753.1,小 8.5,H,8.5,1.85,20,17,H,8.5,
2026-07-02,2026-07-02T19:59:40,台灣運彩,823935,3476535.1,132,2026-07-03T10:10:00+08:00,聖地牙哥教士,洛杉磯道奇,聖地牙哥教士 @ 洛杉磯道奇,51423550.1,360,[總分]大小 9.5,252778763.1,大 9.5,A,9.5,1.95,20,19,A,9.5,
2026-07-02,2026-07-02T19:59:40,台灣運彩,823935,3476535.1,132,2026-07-03T10:10:00+08:00,聖地牙哥教士,洛杉磯道奇,聖地牙哥教士 @ 洛杉磯道奇,51423550.1,360,[總分]大小 9.5,252778762.1,小 9.5,H,9.5,1.55,20,11,H,9.5,
2026-07-02,2026-07-02T19:59:40,台灣運彩,823935,3476535.1,132,2026-07-03T10:10:00+08:00,聖地牙哥教士,洛杉磯道奇,聖地牙哥教士 @ 洛杉磯道奇,51423899.1,362,洛杉磯道奇 大小 5.5,252779712.1,大 5.5,A,5.5,1.86,50,43,A,5.5,
2026-07-02,2026-07-02T19:59:40,台灣運彩,823935,3476535.1,132,2026-07-03T10:10:00+08:00,聖地牙哥教士,洛杉磯道奇,聖地牙哥教士 @ 洛杉磯道奇,51423899.1,362,洛杉磯道奇 大小 5.5,252779711.1,小 5.5,H,5.5,1.58,50,29,H,5.5,
2026-07-02,2026-07-02T19:59:40,台灣運彩,823935,3476535.1,132,2026-07-03T10:10:00+08:00,聖地牙哥教士,洛杉磯道奇,聖地牙哥教士 @ 洛杉磯道奇,51423543.1,363,聖地牙哥教士 大小 3.5,252778748.1,大 3.5,A,3.5,1.85,20,17,A,3.5,
2026-07-02,2026-07-02T19:59:40,台灣運彩,823935,3476535.1,132,2026-07-03T10:10:00+08:00,聖地牙哥教士,洛杉磯道奇,聖地牙哥教士 @ 洛杉磯道奇,51423543.1,363,聖地牙哥教士 大小 3.5,252778747.1,小 3.5,H,3.5,1.60,5,3,H,3.5,
2026-07-02,2026-07-02T19:59:40,台灣運彩,823935,3476535.1,132,2026-07-03T10:10:00+08:00,聖地牙哥教士,洛杉磯道奇,聖地牙哥教士 @ 洛杉磯道奇,51423536.1,366,[總分]單雙,252778733.1,單,,,1.50,2,1,,,
2026-07-02,2026-07-02T19:59:40,台灣運彩,823935,3476535.1,132,2026-07-03T10:10:00+08:00,聖地牙哥教士,洛杉磯道奇,聖地牙哥教士 @ 洛杉磯道奇,51423536.1,366,[總分]單雙,252778732.1,雙,,,1.96,25,24,,,
2026-07-02,2026-07-02T19:59:40,台灣運彩,823935,3476535.1,132,2026-07-03T10:10:00+08:00,聖地牙哥教士,洛杉磯道奇,聖地牙哥教士 @ 洛杉磯道奇,51423552.1,374,得分最高單局(不含延長賽),252778779.1,一樣多,,,2.30,10,13,,,
2026-07-02,2026-07-02T19:59:40,台灣運彩,823935,3476535.1,132,2026-07-03T10:10:00+08:00,聖地牙哥教士,洛杉磯道奇,聖地牙哥教士 @ 洛杉磯道奇,51423552.1,374,得分最高單局(不含延長賽),252778770.1,第1局,,,5.05,20,81,,,
2026-07-02,2026-07-02T19:59:40,台灣運彩,823935,3476535.1,132,2026-07-03T10:10:00+08:00,聖地牙哥教士,洛杉磯道奇,聖地牙哥教士 @ 洛杉磯道奇,51423552.1,374,得分最高單局(不含延長賽),252778771.1,第2局,,,6.00,1,5,,,
2026-07-02,2026-07-02T19:59:40,台灣運彩,823935,3476535.1,132,2026-07-03T10:10:00+08:00,聖地牙哥教士,洛杉磯道奇,聖地牙哥教士 @ 洛杉磯道奇,51423552.1,374,得分最高單局(不含延長賽),252778772.1,第3局,,,5.45,20,89,,,
2026-07-02,2026-07-02T19:59:40,台灣運彩,823935,3476535.1,132,2026-07-03T10:10:00+08:00,聖地牙哥教士,洛杉磯道奇,聖地牙哥教士 @ 洛杉磯道奇,51423552.1,374,得分最高單局(不含延長賽),252778773.1,第4局,,,5.95,20,99,,,
2026-07-02,2026-07-02T19:59:40,台灣運彩,823935,3476535.1,132,2026-07-03T10:10:00+08:00,聖地牙哥教士,洛杉磯道奇,聖地牙哥教士 @ 洛杉磯道奇,51423552.1,374,得分最高單局(不含延長賽),252778774.1,第5局,,,5.50,2,9,,,
2026-07-02,2026-07-02T19:59:40,台灣運彩,823935,3476535.1,132,2026-07-03T10:10:00+08:00,聖地牙哥教士,洛杉磯道奇,聖地牙哥教士 @ 洛杉磯道奇,51423552.1,374,得分最高單局(不含延長賽),252778775.1,第6局,,,6.25,4,21,,,
2026-07-02,2026-07-02T19:59:40,台灣運彩,823935,3476535.1,132,2026-07-03T10:10:00+08:00,聖地牙哥教士,洛杉磯道奇,聖地牙哥教士 @ 洛杉磯道奇,51423552.1,374,得分最高單局(不含延長賽),252778776.1,第7局,,,6.25,4,21,,,
2026-07-02,2026-07-02T19:59:40,台灣運彩,823935,3476535.1,132,2026-07-03T10:10:00+08:00,聖地牙哥教士,洛杉磯道奇,聖地牙哥教士 @ 洛杉磯道奇,51423552.1,374,得分最高單局(不含延長賽),252778777.1,第8局,,,6.25,4,21,,,
2026-07-02,2026-07-02T19:59:40,台灣運彩,823935,3476535.1,132,2026-07-03T10:10:00+08:00,聖地牙哥教士,洛杉磯道奇,聖地牙哥教士 @ 洛杉磯道奇,51423552.1,374,得分最高單局(不含延長賽),252778778.1,第9局,,,8.00,1,7,,,
2026-07-02,2026-07-02T19:59:40,台灣運彩,823935,3476535.1,132,2026-07-03T10:10:00+08:00,聖地牙哥教士,洛杉磯道奇,聖地牙哥教士 @ 洛杉磯道奇,51423541.1,376,[1-5局] 不讓分,252778742.1,洛杉磯道奇,H,,1.40,5,2,H,,1
2026-07-02,2026-07-02T19:59:40,台灣運彩,823935,3476535.1,132,2026-07-03T10:10:00+08:00,聖地牙哥教士,洛杉磯道奇,聖地牙哥教士 @ 洛杉磯道奇,51423541.1,376,[1-5局] 不讓分,252778744.1,聖地牙哥教士,A,,2.55,20,31,A,,2
2026-07-02,2026-07-02T19:59:40,台灣運彩,823935,3476535.1,132,2026-07-03T10:10:00+08:00,聖地牙哥教士,洛杉磯道奇,聖地牙哥教士 @ 洛杉磯道奇,51423541.1,376,[1-5局] 不讓分,252778743.1,和局,D,,5.15,20,83,D,,
2026-07-02,2026-07-02T19:59:40,台灣運彩,823935,3476535.1,132,2026-07-03T10:10:00+08:00,聖地牙哥教士,洛杉磯道奇,聖地牙哥教士 @ 洛杉磯道奇,51423540.1,378,[1-5局] 大小 4.5,252778741.1,大 4.5,A,4.5,1.52,25,13,A,4.5,
2026-07-02,2026-07-02T19:59:40,台灣運彩,823935,3476535.1,132,2026-07-03T10:10:00+08:00,聖地牙哥教士,洛杉磯道奇,聖地牙哥教士 @ 洛杉磯道奇,51423540.1,378,[1-5局] 大小 4.5,252778740.1,小 4.5,H,4.5,1.83,100,83,H,4.5,
2026-07-02,2026-07-02T19:59:40,台灣運彩,823935,3476535.1,132,2026-07-03T10:10:00+08:00,聖地牙哥教士,洛杉磯道奇,聖地牙哥教士 @ 洛杉磯道奇,51423537.1,379,[1-5局] 洛杉磯道奇 大小 2.5,252778735.1,大 2.5,A,2.5,1.53,100,53,A,2.5,
2026-07-02,2026-07-02T19:59:40,台灣運彩,823935,3476535.1,132,2026-07-03T10:10:00+08:00,聖地牙哥教士,洛杉磯道奇,聖地牙哥教士 @ 洛杉磯道奇,51423537.1,379,[1-5局] 洛杉磯道奇 大小 2.5,252778734.1,小 2.5,H,2.5,1.93,100,93,H,2.5,
2026-07-02,2026-07-02T19:59:40,台灣運彩,823935,3476535.1,132,2026-07-03T10:10:00+08:00,聖地牙哥教士,洛杉磯道奇,聖地牙哥教士 @ 洛杉磯道奇,51423538.1,380,[1-5局] 聖地牙哥教士 大小 1.5,252778737.1,大 1.5,A,1.5,1.73,100,73,A,1.5,
2026-07-02,2026-07-02T19:59:40,台灣運彩,823935,3476535.1,132,2026-07-03T10:10:00+08:00,聖地牙哥教士,洛杉磯道奇,聖地牙哥教士 @ 洛杉磯道奇,51423538.1,380,[1-5局] 聖地牙哥教士 大小 1.5,252778736.1,小 1.5,H,1.5,1.70,10,7,H,1.5,
2026-07-02,2026-07-02T19:59:40,台灣運彩,823935,3476535.1,132,2026-07-03T10:10:00+08:00,聖地牙哥教士,洛杉磯道奇,聖地牙哥教士 @ 洛杉磯道奇,51423547.1,389,[第1局] 不讓分,252778755.1,洛杉磯道奇,H,,2.25,4,5,H,,1
2026-07-02,2026-07-02T19:59:40,台灣運彩,823935,3476535.1,132,2026-07-03T10:10:00+08:00,聖地牙哥教士,洛杉磯道奇,聖地牙哥教士 @ 洛杉磯道奇,51423547.1,389,[第1局] 不讓分,252778757.1,聖地牙哥教士,A,,4.20,5,16,A,,2
2026-07-02,2026-07-02T19:59:40,台灣運彩,823935,3476535.1,132,2026-07-03T10:10:00+08:00,聖地牙哥教士,洛杉磯道奇,聖地牙哥教士 @ 洛杉磯道奇,51423547.1,389,[第1局] 不讓分,252778756.1,和局,D,,1.60,5,3,D,,
2026-07-02,2026-07-02T19:59:40,台灣運彩,823935,3476535.1,132,2026-07-03T10:10:00+08:00,聖地牙哥教士,洛杉磯道奇,聖地牙哥教士 @ 洛杉磯道奇,51423542.1,398,[第1局] 大小 0.5,252778746.1,大 0.5,A,0.5,1.60,5,3,A,0.5,
2026-07-02,2026-07-02T19:59:40,台灣運彩,823935,3476535.1,132,2026-07-03T10:10:00+08:00,聖地牙哥教士,洛杉磯道奇,聖地牙哥教士 @ 洛杉磯道奇,51423542.1,398,[第1局] 大小 0.5,252778745.1,小 0.5,H,0.5,1.73,100,73,H,0.5,
