date,game_pk,matchup_zh,predicted_total,actual_total,absolute_error,signed_error
2026-03-25,823244,紐約洋基 @ 舊金山巨人,9.16,7.0,2.16,2.16
2026-03-26,823081,坦帕灣光芒 @ 聖路易紅雀,8.38,16.0,7.62,-7.62
2026-03-26,823163,克里夫蘭守護者 @ 西雅圖水手,8.25,10.0,1.75,-1.75
2026-03-26,823325,底特律老虎 @ 聖地牙哥教士,8.37,10.0,1.63,-1.63
2026-03-26,823486,德州遊騎兵 @ 費城費城人,8.55,8.0,0.55,0.55
2026-03-26,823649,匹茲堡海盜 @ 紐約大都會,8.15,18.0,9.85,-9.85
2026-03-26,823812,芝加哥白襪 @ 密爾瓦基釀酒人,8.24,16.0,7.76,-7.76
2026-03-26,823974,亞利桑那響尾蛇 @ 洛杉磯道奇,9.47,10.0,0.53,-0.53
2026-03-26,824218,洛杉磯天使 @ 休士頓太空人,8.7,3.0,5.7,5.7
2026-03-26,824541,波士頓紅襪 @ 辛辛那提紅人,7.99,3.0,4.99,4.99
2026-03-26,824704,華盛頓國民 @ 芝加哥小熊,9.19,14.0,4.81,-4.81
2026-03-26,824865,明尼蘇達雙城 @ 巴爾的摩金鶯,8.42,3.0,5.42,5.42
2026-03-27,822839,運動家 @ 多倫多藍鳥,8.72,5.0,3.72,3.72
2026-03-27,823162,克里夫蘭守護者 @ 西雅圖水手,8.03,6.0,2.03,2.03
2026-03-27,823243,紐約洋基 @ 舊金山巨人,9.16,3.0,6.16,6.16
2026-03-27,823324,底特律老虎 @ 聖地牙哥教士,8.43,7.0,1.43,1.43
2026-03-27,823893,科羅拉多洛磯 @ 邁阿密馬林魚,9.06,3.0,6.06,6.06
2026-03-27,823971,亞利桑那響尾蛇 @ 洛杉磯道奇,9.57,9.0,0.57,0.57
2026-03-27,824216,洛杉磯天使 @ 休士頓太空人,8.5,8.0,0.5,0.5
2026-03-27,824946,堪薩斯市皇家 @ 亞特蘭大勇士,9.11,6.0,3.11,3.11
2026-03-28,822838,運動家 @ 多倫多藍鳥,8.42,15.0,6.58,-6.58
2026-03-28,823082,坦帕灣光芒 @ 聖路易紅雀,8.75,11.0,2.25,-2.25
2026-03-28,823161,克里夫蘭守護者 @ 西雅圖水手,8.09,11.0,2.91,-2.91
2026-03-28,823241,紐約洋基 @ 舊金山巨人,8.8,4.0,4.8,4.8
2026-03-28,823323,底特律老虎 @ 聖地牙哥教士,8.39,3.0,5.39,5.39
2026-03-28,823488,德州遊騎兵 @ 費城費城人,8.51,9.0,0.49,-0.49
2026-03-28,823651,匹茲堡海盜 @ 紐約大都會,8.56,6.0,2.56,2.56
2026-03-28,823811,芝加哥白襪 @ 密爾瓦基釀酒人,8.57,7.0,1.57,1.57
2026-03-28,823892,科羅拉多洛磯 @ 邁阿密馬林魚,8.88,7.0,1.88,1.88
2026-03-28,823973,亞利桑那響尾蛇 @ 洛杉磯道奇,9.61,5.0,4.61,4.61
2026-03-28,824213,洛杉磯天使 @ 休士頓太空人,8.44,20.0,11.56,-11.56
2026-03-28,824540,波士頓紅襪 @ 辛辛那提紅人,7.91,11.0,3.09,-3.09
2026-03-28,824701,華盛頓國民 @ 芝加哥小熊,9.15,12.0,2.85,-2.85
2026-03-28,824862,明尼蘇達雙城 @ 巴爾的摩金鶯,8.31,5.0,3.31,3.31
2026-03-28,824945,堪薩斯市皇家 @ 亞特蘭大勇士,8.93,8.0,0.93,0.93
2026-03-29,822837,運動家 @ 多倫多藍鳥,8.67,7.0,1.67,1.67
2026-03-29,823079,坦帕灣光芒 @ 聖路易紅雀,8.84,18.0,9.16,-9.16
2026-03-29,823160,克里夫蘭守護者 @ 西雅圖水手,8.19,8.0,0.19,0.19
2026-03-29,823487,德州遊騎兵 @ 費城費城人,8.67,11.0,2.33,-2.33
2026-03-29,823647,匹茲堡海盜 @ 紐約大都會,8.56,7.0,1.56,1.56
2026-03-29,823810,芝加哥白襪 @ 密爾瓦基釀酒人,8.43,16.0,7.57,-7.57
2026-03-29,823891,科羅拉多洛磯 @ 邁阿密馬林魚,8.71,7.0,1.71,1.71
2026-03-29,824215,洛杉磯天使 @ 休士頓太空人,8.72,16.0,7.28,-7.28
2026-03-29,824538,波士頓紅襪 @ 辛辛那提紅人,7.97,5.0,2.97,2.97
2026-03-29,824700,華盛頓國民 @ 芝加哥小熊,9.26,9.0,0.26,0.26
2026-03-29,824864,明尼蘇達雙城 @ 巴爾的摩金鶯,8.14,14.0,5.86,-5.86
2026-03-29,824944,堪薩斯市皇家 @ 亞特蘭大勇士,8.92,5.0,3.92,3.92
2026-03-30,822834,科羅拉多洛磯 @ 多倫多藍鳥,8.76,19.0,10.24,-10.24
2026-03-30,823080,紐約大都會 @ 聖路易紅雀,9.46,6.0,3.46,3.46
2026-03-30,823159,紐約洋基 @ 西雅圖水手,8.78,3.0,5.78,5.78
2026-03-30,823320,舊金山巨人 @ 聖地牙哥教士,8.41,5.0,3.41,3.41
2026-03-30,823484,華盛頓國民 @ 費城費城人,9.38,15.0,5.62,-5.62
2026-03-30,823809,坦帕灣光芒 @ 密爾瓦基釀酒人,8.95,5.0,3.95,3.95
2026-03-30,823890,芝加哥白襪 @ 邁阿密馬林魚,8.45,13.0,4.55,-4.55
2026-03-30,823972,克里夫蘭守護者 @ 洛杉磯道奇,8.5,6.0,2.5,2.5
2026-03-30,824135,明尼蘇達雙城 @ 堪薩斯市皇家,8.72,4.0,4.72,4.72
2026-03-30,824214,波士頓紅襪 @ 休士頓太空人,8.62,9.0,0.38,-0.38
2026-03-30,824539,匹茲堡海盜 @ 辛辛那提紅人,7.55,2.0,5.55,5.55
2026-03-30,824702,洛杉磯天使 @ 芝加哥小熊,8.96,9.0,0.04,-0.04
2026-03-30,824863,德州遊騎兵 @ 巴爾的摩金鶯,8.28,7.0,1.28,1.28
2026-03-30,824943,運動家 @ 亞特蘭大勇士,8.76,4.0,4.76,4.76
2026-03-30,825108,底特律老虎 @ 亞利桑那響尾蛇,8.74,15.0,6.26,-6.26
2026-03-31,822836,科羅拉多洛磯 @ 多倫多藍鳥,9.12,6.0,3.12,3.12
2026-03-31,823077,紐約大都會 @ 聖路易紅雀,9.33,3.0,6.33,6.33
2026-03-31,823158,紐約洋基 @ 西雅圖水手,8.48,5.0,3.48,3.48
2026-03-31,823322,舊金山巨人 @ 聖地牙哥教士,8.39,12.0,3.61,-3.61
2026-03-31,823485,華盛頓國民 @ 費城費城人,9.55,5.0,4.55,4.55
2026-03-31,823807,坦帕灣光芒 @ 密爾瓦基釀酒人,8.88,8.0,0.88,0.88
2026-03-31,823888,芝加哥白襪 @ 邁阿密馬林魚,8.51,11.0,2.49,-2.49
2026-03-31,823969,克里夫蘭守護者 @ 洛杉磯道奇,8.46,5.0,3.46,3.46
2026-03-31,824212,波士頓紅襪 @ 休士頓太空人,8.71,11.0,2.29,-2.29
2026-03-31,824537,匹茲堡海盜 @ 辛辛那提紅人,7.51,11.0,3.49,-3.49
2026-03-31,824699,洛杉磯天使 @ 芝加哥小熊,8.96,2.0,6.96,6.96
2026-03-31,824861,德州遊騎兵 @ 巴爾的摩金鶯,8.27,13.0,4.73,-4.73
2026-03-31,824942,運動家 @ 亞特蘭大勇士,8.72,7.0,1.72,1.72
2026-03-31,825107,底特律老虎 @ 亞利桑那響尾蛇,8.88,12.0,3.12,-3.12
2026-04-01,822835,科羅拉多洛磯 @ 多倫多藍鳥,9.16,3.0,6.16,6.16
2026-04-01,823078,紐約大都會 @ 聖路易紅雀,9.17,3.0,6.17,6.17
2026-04-01,823157,紐約洋基 @ 西雅圖水手,8.5,8.0,0.5,0.5
2026-04-01,823321,舊金山巨人 @ 聖地牙哥教士,8.63,8.0,0.63,0.63
2026-04-01,823483,華盛頓國民 @ 費城費城人,9.37,11.0,1.63,-1.63
2026-04-01,823806,坦帕灣光芒 @ 密爾瓦基釀酒人,8.84,10.0,1.16,-1.16
2026-04-01,823889,芝加哥白襪 @ 邁阿密馬林魚,8.66,10.0,1.34,-1.34
2026-04-01,823970,克里夫蘭守護者 @ 洛杉磯道奇,8.46,5.0,3.46,3.46
2026-04-01,824136,明尼蘇達雙城 @ 堪薩斯市皇家,8.63,22.0,13.37,-13.37
2026-04-01,824211,波士頓紅襪 @ 休士頓太空人,8.69,10.0,1.31,-1.31
2026-04-01,824536,匹茲堡海盜 @ 辛辛那提紅人,7.73,11.0,3.27,-3.27
2026-04-01,824698,洛杉磯天使 @ 芝加哥小熊,8.82,8.0,0.82,0.82
2026-04-01,824860,德州遊騎兵 @ 巴爾的摩金鶯,8.43,11.0,2.57,-2.57
2026-04-01,824940,運動家 @ 亞特蘭大勇士,8.59,6.0,2.59,2.59
2026-04-01,825106,底特律老虎 @ 亞利桑那響尾蛇,8.95,1.0,7.95,7.95
2026-04-02,823242,紐約大都會 @ 舊金山巨人,8.52,9.0,0.48,-0.48
2026-04-02,824133,明尼蘇達雙城 @ 堪薩斯市皇家,8.98,6.0,2.98,2.98
2026-04-02,825105,亞特蘭大勇士 @ 亞利桑那響尾蛇,9.0,19.0,10.0,-10.0
2026-04-03,822758,洛杉磯道奇 @ 華盛頓國民,9.26,19.0,9.74,-9.74
2026-04-03,822919,辛辛那提紅人 @ 德州遊騎兵,8.01,8.0,0.01,0.01
2026-04-03,823240,紐約大都會 @ 舊金山巨人,8.55,13.0,4.45,-4.45
2026-04-03,823406,巴爾的摩金鶯 @ 匹茲堡海盜,8.11,9.0,0.89,-0.89
2026-04-03,823568,邁阿密馬林魚 @ 紐約洋基,8.61,10.0,1.39,-1.39
2026-04-03,823732,坦帕灣光芒 @ 明尼蘇達雙城,8.64,14.0,5.36,-5.36
2026-04-03,824056,西雅圖水手 @ 洛杉磯天使,8.65,4.0,4.65,4.65
2026-04-03,824299,聖路易紅雀 @ 底特律老虎,8.38,4.0,4.38,4.38
2026-04-03,824377,費城費城人 @ 科羅拉多洛磯,9.07,11.0,1.93,-1.93
2026-04-03,824458,芝加哥小熊 @ 克里夫蘭守護者,8.31,5.0,3.31,3.31
2026-04-03,824621,多倫多藍鳥 @ 芝加哥白襪,8.84,9.0,0.16,-0.16
2026-04-03,824786,聖地牙哥教士 @ 波士頓紅襪,8.64,7.0,1.64,1.64
2026-04-03,825026,休士頓太空人 @ 運動家,8.87,15.0,6.13,-6.13
2026-04-03,825103,亞特蘭大勇士 @ 亞利桑那響尾蛇,9.3,2.0,7.3,7.3
2026-04-04,822757,洛杉磯道奇 @ 華盛頓國民,9.54,15.0,5.46,-5.46
2026-04-04,822920,辛辛那提紅人 @ 德州遊騎兵,8.02,2.0,6.02,6.02
2026-04-04,823239,紐約大都會 @ 舊金山巨人,8.71,9.0,0.29,-0.29
2026-04-04,823404,巴爾的摩金鶯 @ 匹茲堡海盜,8.1,5.0,3.1,3.1
2026-04-04,823569,邁阿密馬林魚 @ 紐約洋基,8.61,16.0,7.39,-7.39
2026-04-04,823730,坦帕灣光芒 @ 明尼蘇達雙城,8.81,8.0,0.81,0.81
2026-04-04,824054,西雅圖水手 @ 洛杉磯天使,8.37,1.0,7.37,7.37
2026-04-04,824132,密爾瓦基釀酒人 @ 堪薩斯市皇家,9.12,7.0,2.12,2.12
2026-04-04,824134,密爾瓦基釀酒人 @ 堪薩斯市皇家,8.86,10.0,1.14,-1.14
2026-04-04,824295,聖路易紅雀 @ 底特律老虎,8.09,17.0,8.91,-8.91
2026-04-04,824378,費城費城人 @ 科羅拉多洛磯,8.99,3.0,5.99,5.99
2026-04-04,824622,多倫多藍鳥 @ 芝加哥白襪,8.85,9.0,0.15,-0.15
2026-04-04,824782,聖地牙哥教士 @ 波士頓紅襪,8.5,5.0,3.5,3.5
2026-04-04,825027,休士頓太空人 @ 運動家,8.93,11.0,2.07,-2.07
2026-04-04,825104,亞特蘭大勇士 @ 亞利桑那響尾蛇,8.98,3.0,5.98,5.98
2026-04-05,822756,洛杉磯道奇 @ 華盛頓國民,9.64,14.0,4.36,-4.36
2026-04-05,822917,辛辛那提紅人 @ 德州遊騎兵,7.71,3.0,4.71,4.71
2026-04-05,823238,紐約大都會 @ 舊金山巨人,8.65,7.0,1.65,1.65
2026-04-05,823405,巴爾的摩金鶯 @ 匹茲堡海盜,8.07,10.0,1.93,-1.93
2026-04-05,823566,邁阿密馬林魚 @ 紐約洋基,8.98,13.0,4.02,-4.02
2026-04-05,823729,坦帕灣光芒 @ 明尼蘇達雙城,8.89,5.0,3.89,3.89
2026-04-05,824053,西雅圖水手 @ 洛杉磯天使,7.98,15.0,7.02,-7.02
2026-04-05,824131,密爾瓦基釀酒人 @ 堪薩斯市皇家,8.89,13.0,4.11,-4.11
2026-04-05,824296,聖路易紅雀 @ 底特律老虎,8.5,8.0,0.5,0.5
2026-04-05,824379,費城費城人 @ 科羅拉多洛磯,8.67,5.0,3.67,3.67
2026-04-05,824459,芝加哥小熊 @ 克里夫蘭守護者,8.17,1.0,7.17,7.17
2026-04-05,824460,芝加哥小熊 @ 克里夫蘭守護者,8.06,11.0,2.94,-2.94
2026-04-05,824620,多倫多藍鳥 @ 芝加哥白襪,9.0,3.0,6.0,6.0
2026-04-05,824781,聖地牙哥教士 @ 波士頓紅襪,8.27,14.0,5.73,-5.73
2026-04-05,825025,休士頓太空人 @ 運動家,8.95,22.0,13.05,-13.05
2026-04-05,825102,亞特蘭大勇士 @ 亞利桑那響尾蛇,8.83,11.0,2.17,-2.17
2026-04-06,822755,聖路易紅雀 @ 華盛頓國民,9.67,15.0,5.33,-5.33
2026-04-06,822832,洛杉磯道奇 @ 多倫多藍鳥,8.78,16.0,7.22,-7.22
2026-04-06,822918,西雅圖水手 @ 德州遊騎兵,7.92,3.0,4.92,4.92
2026-04-06,823002,芝加哥小熊 @ 坦帕灣光芒,8.89,10.0,1.11,-1.11
2026-04-06,823237,費城費城人 @ 舊金山巨人,8.3,10.0,1.7,-1.7
2026-04-06,823401,聖地牙哥教士 @ 匹茲堡海盜,8.14,5.0,3.14,3.14
2026-04-06,823728,底特律老虎 @ 明尼蘇達雙城,8.03,10.0,1.97,-1.97
2026-04-06,823886,辛辛那提紅人 @ 邁阿密馬林魚,8.14,2.0,6.14,6.14
2026-04-06,824052,亞特蘭大勇士 @ 洛杉磯天使,8.46,8.0,0.46,0.46
2026-04-06,824376,休士頓太空人 @ 科羅拉多洛磯,9.1,16.0,6.9,-6.9
2026-04-06,824456,堪薩斯市皇家 @ 克里夫蘭守護者,8.36,6.0,2.36,2.36
2026-04-06,824619,巴爾的摩金鶯 @ 芝加哥白襪,8.67,3.0,5.67,5.67
2026-04-06,824783,密爾瓦基釀酒人 @ 波士頓紅襪,8.68,14.0,5.32,-5.32
2026-04-07,822754,聖路易紅雀 @ 華盛頓國民,9.95,13.0,3.05,-3.05
2026-04-07,822831,洛杉磯道奇 @ 多倫多藍鳥,9.14,5.0,4.14,4.14
2026-04-07,822916,西雅圖水手 @ 德州遊騎兵,7.81,5.0,2.81,2.81
2026-04-07,822999,芝加哥小熊 @ 坦帕灣光芒,8.96,11.0,2.04,-2.04
2026-04-07,823235,費城費城人 @ 舊金山巨人,8.32,6.0,2.32,2.32
2026-04-07,823402,聖地牙哥教士 @ 匹茲堡海盜,8.05,8.0,0.05,0.05
2026-04-07,823567,運動家 @ 紐約洋基,8.93,8.0,0.93,0.93
2026-04-07,823648,亞利桑那響尾蛇 @ 紐約大都會,9.16,7.0,2.16,2.16
2026-04-07,823727,底特律老虎 @ 明尼蘇達雙城,8.06,6.0,2.06,2.06
2026-04-07,823887,辛辛那提紅人 @ 邁阿密馬林魚,7.88,9.0,1.12,-1.12
2026-04-07,824051,亞特蘭大勇士 @ 洛杉磯天使,8.39,9.0,0.61,-0.61
2026-04-07,824375,休士頓太空人 @ 科羅拉多洛磯,9.3,6.0,3.3,3.3
2026-04-07,824457,堪薩斯市皇家 @ 克里夫蘭守護者,8.23,3.0,5.23,5.23
2026-04-07,824618,巴爾的摩金鶯 @ 芝加哥白襪,8.47,6.0,2.47,2.47
2026-04-07,824780,密爾瓦基釀酒人 @ 波士頓紅襪,8.79,5.0,3.79,3.79
2026-04-08,822753,聖路易紅雀 @ 華盛頓國民,10.04,7.0,3.04,3.04
2026-04-08,822833,洛杉磯道奇 @ 多倫多藍鳥,9.19,7.0,2.19,2.19
2026-04-08,822915,西雅圖水手 @ 德州遊騎兵,7.79,3.0,4.79,4.79
2026-04-08,823000,芝加哥小熊 @ 坦帕灣光芒,9.21,8.0,1.21,1.21
2026-04-08,823234,費城費城人 @ 舊金山巨人,8.3,5.0,3.3,3.3
2026-04-08,823403,聖地牙哥教士 @ 匹茲堡海盜,8.01,10.0,1.99,-1.99
2026-04-08,823564,運動家 @ 紐約洋基,8.8,5.0,3.8,3.8
2026-04-08,823646,亞利桑那響尾蛇 @ 紐約大都會,9.17,9.0,0.17,0.17
2026-04-08,823726,底特律老虎 @ 明尼蘇達雙城,8.06,14.0,5.94,-5.94
2026-04-08,823885,辛辛那提紅人 @ 邁阿密馬林魚,7.9,11.0,3.1,-3.1
2026-04-08,824050,亞特蘭大勇士 @ 洛杉磯天使,8.29,10.0,1.71,-1.71
2026-04-08,824374,休士頓太空人 @ 科羅拉多洛磯,9.19,10.0,0.81,-0.81
2026-04-08,824455,堪薩斯市皇家 @ 克里夫蘭守護者,8.16,12.0,3.84,-3.84
2026-04-08,824617,巴爾的摩金鶯 @ 芝加哥白襪,8.49,8.0,0.49,0.49
2026-04-08,824779,密爾瓦基釀酒人 @ 波士頓紅襪,8.71,5.0,3.71,3.71
2026-04-09,823319,科羅拉多洛磯 @ 聖地牙哥教士,8.33,10.0,1.67,-1.67
2026-04-09,823565,運動家 @ 紐約洋基,8.7,1.0,7.7,7.7
2026-04-09,823645,亞利桑那響尾蛇 @ 紐約大都會,9.02,8.0,1.02,1.02
2026-04-09,823724,底特律老虎 @ 明尼蘇達雙城,8.23,4.0,4.23,4.23
2026-04-09,823884,辛辛那提紅人 @ 邁阿密馬林魚,7.91,9.0,1.09,-1.09
2026-04-09,824130,芝加哥白襪 @ 堪薩斯市皇家,8.62,2.0,6.62,6.62
2026-04-10,822829,明尼蘇達雙城 @ 多倫多藍鳥,8.4,14.0,5.6,-5.6
2026-04-10,822997,紐約洋基 @ 坦帕灣光芒,8.67,8.0,0.67,0.67
2026-04-10,823076,波士頓紅襪 @ 聖路易紅雀,8.74,5.0,3.74,3.74
2026-04-10,823156,休士頓太空人 @ 西雅圖水手,8.75,15.0,6.25,-6.25
2026-04-10,823318,科羅拉多洛磯 @ 聖地牙哥教士,8.43,7.0,1.43,1.43
2026-04-10,823482,亞利桑那響尾蛇 @ 費城費城人,8.74,9.0,0.26,-0.26
2026-04-10,823643,運動家 @ 紐約大都會,8.77,4.0,4.77,4.77
2026-04-10,823808,華盛頓國民 @ 密爾瓦基釀酒人,9.58,10.0,0.42,-0.42
2026-04-10,823968,德州遊騎兵 @ 洛杉磯道奇,8.45,15.0,6.55,-6.55
2026-04-10,824128,芝加哥白襪 @ 堪薩斯市皇家,8.49,2.0,6.49,6.49
2026-04-10,824297,邁阿密馬林魚 @ 底特律老虎,8.38,2.0,6.38,6.38
2026-04-10,824534,洛杉磯天使 @ 辛辛那提紅人,7.86,12.0,4.14,-4.14
2026-04-10,824695,匹茲堡海盜 @ 芝加哥小熊,8.4,2.0,6.4,6.4
2026-04-10,824858,舊金山巨人 @ 巴爾的摩金鶯,8.2,9.0,0.8,-0.8
2026-04-10,824941,克里夫蘭守護者 @ 亞特蘭大勇士,7.93,16.0,8.07,-8.07
2026-04-11,822830,明尼蘇達雙城 @ 多倫多藍鳥,8.66,11.0,2.34,-2.34
2026-04-11,822996,紐約洋基 @ 坦帕灣光芒,8.67,9.0,0.33,-0.33
2026-04-11,823074,波士頓紅襪 @ 聖路易紅雀,8.68,8.0,0.68,0.68
2026-04-11,823155,休士頓太空人 @ 西雅圖水手,8.91,15.0,6.09,-6.09
2026-04-11,823316,科羅拉多洛磯 @ 聖地牙哥教士,8.5,14.0,5.5,-5.5
2026-04-11,823480,亞利桑那響尾蛇 @ 費城費城人,8.73,7.0,1.73,1.73
2026-04-11,823644,運動家 @ 紐約大都會,8.78,17.0,8.22,-8.22
2026-04-11,823805,華盛頓國民 @ 密爾瓦基釀酒人,9.68,4.0,5.68,5.68
2026-04-11,823967,德州遊騎兵 @ 洛杉磯道奇,8.62,9.0,0.38,-0.38
2026-04-11,824129,芝加哥白襪 @ 堪薩斯市皇家,8.27,2.0,6.27,6.27
2026-04-11,824294,邁阿密馬林魚 @ 底特律老虎,8.23,7.0,1.23,1.23
2026-04-11,824535,洛杉磯天使 @ 辛辛那提紅人,8.15,10.0,1.85,-1.85
2026-04-11,824697,匹茲堡海盜 @ 芝加哥小熊,8.29,7.0,1.29,1.29
2026-04-11,824857,舊金山巨人 @ 巴爾的摩金鶯,8.31,8.0,0.31,0.31
2026-04-11,824939,克里夫蘭守護者 @ 亞特蘭大勇士,8.18,6.0,2.18,2.18
2026-04-12,822828,明尼蘇達雙城 @ 多倫多藍鳥,8.71,10.0,1.29,-1.29
2026-04-12,822998,紐約洋基 @ 坦帕灣光芒,8.66,9.0,0.34,-0.34
2026-04-12,823075,波士頓紅襪 @ 聖路易紅雀,8.67,12.0,3.33,-3.33
2026-04-12,823154,休士頓太空人 @ 西雅圖水手,9.18,7.0,2.18,2.18
2026-04-12,823317,科羅拉多洛磯 @ 聖地牙哥教士,8.69,9.0,0.31,-0.31
2026-04-12,823479,亞利桑那響尾蛇 @ 費城費城人,8.65,7.0,1.65,1.65
2026-04-12,823642,運動家 @ 紐約大都會,8.91,1.0,7.91,7.91
2026-04-12,823804,華盛頓國民 @ 密爾瓦基釀酒人,9.64,14.0,4.36,-4.36
2026-04-12,823966,德州遊騎兵 @ 洛杉磯道奇,8.74,7.0,1.74,1.74
2026-04-12,824126,芝加哥白襪 @ 堪薩斯市皇家,8.07,11.0,2.93,-2.93
2026-04-12,824293,邁阿密馬林魚 @ 底特律老虎,8.17,10.0,1.83,-1.83
2026-04-12,824533,洛杉磯天使 @ 辛辛那提紅人,8.19,15.0,6.81,-6.81
2026-04-12,824696,匹茲堡海盜 @ 芝加哥小熊,8.3,13.0,4.7,-4.7
2026-04-12,824859,舊金山巨人 @ 巴爾的摩金鶯,8.27,8.0,0.27,0.27
2026-04-12,824938,克里夫蘭守護者 @ 亞特蘭大勇士,8.0,14.0,6.0,-6.0
2026-04-13,823073,克里夫蘭守護者 @ 聖路易紅雀,8.68,12.0,3.32,-3.32
2026-04-13,823153,休士頓太空人 @ 西雅圖水手,9.13,8.0,1.13,1.13
2026-04-13,823400,華盛頓國民 @ 匹茲堡海盜,9.22,21.0,11.78,-11.78
2026-04-13,823481,芝加哥小熊 @ 費城費城人,8.39,20.0,11.61,-11.61
2026-04-13,823563,洛杉磯天使 @ 紐約洋基,8.72,21.0,12.28,-12.28
2026-04-13,823725,波士頓紅襪 @ 明尼蘇達雙城,8.48,19.0,10.52,-10.52
2026-04-13,823964,紐約大都會 @ 洛杉磯道奇,8.9,4.0,4.9,4.9
2026-04-13,824856,亞利桑那響尾蛇 @ 巴爾的摩金鶯,8.79,16.0,7.21,-7.21
2026-04-13,824937,邁阿密馬林魚 @ 亞特蘭大勇士,8.4,14.0,5.6,-5.6
2026-04-13,825024,德州遊騎兵 @ 運動家,8.49,9.0,0.51,-0.51
2026-04-14,823072,克里夫蘭守護者 @ 聖路易紅雀,8.7,11.0,2.3,-2.3
2026-04-14,823315,西雅圖水手 @ 聖地牙哥教士,8.22,5.0,3.22,3.22
2026-04-14,823398,華盛頓國民 @ 匹茲堡海盜,9.68,9.0,0.68,0.68
2026-04-14,823478,芝加哥小熊 @ 費城費城人,8.6,14.0,5.4,-5.4
2026-04-14,823562,洛杉磯天使 @ 紐約洋基,9.03,8.0,1.03,1.03
2026-04-14,823723,波士頓紅襪 @ 明尼蘇達雙城,8.87,6.0,2.87,2.87
2026-04-14,823802,多倫多藍鳥 @ 密爾瓦基釀酒人,8.98,16.0,7.02,-7.02
2026-04-14,823965,紐約大都會 @ 洛杉磯道奇,8.68,3.0,5.68,5.68
2026-04-14,824210,科羅拉多洛磯 @ 休士頓太空人,9.46,13.0,3.54,-3.54
2026-04-14,824292,堪薩斯市皇家 @ 底特律老虎,8.01,3.0,5.01,5.01
2026-04-14,824531,舊金山巨人 @ 辛辛那提紅人,7.85,3.0,4.85,4.85
2026-04-14,824616,坦帕灣光芒 @ 芝加哥白襪,8.81,13.0,4.19,-4.19
2026-04-14,824853,亞利桑那響尾蛇 @ 巴爾的摩金鶯,9.06,7.0,2.06,2.06
2026-04-14,824935,邁阿密馬林魚 @ 亞特蘭大勇士,8.71,11.0,2.29,-2.29
2026-04-14,825022,德州遊騎兵 @ 運動家,8.57,3.0,5.57,5.57
2026-04-15,823071,克里夫蘭守護者 @ 聖路易紅雀,8.78,8.0,0.78,0.78
2026-04-15,823314,西雅圖水手 @ 聖地牙哥教士,8.23,13.0,4.77,-4.77
2026-04-15,823399,華盛頓國民 @ 匹茲堡海盜,9.8,2.0,7.8,7.8
2026-04-15,823477,芝加哥小熊 @ 費城費城人,8.82,13.0,4.18,-4.18
2026-04-15,823561,洛杉磯天使 @ 紐約洋基,9.04,9.0,0.04,0.04
2026-04-15,823722,波士頓紅襪 @ 明尼蘇達雙城,8.89,14.0,5.11,-5.11
2026-04-15,823803,多倫多藍鳥 @ 密爾瓦基釀酒人,9.26,3.0,6.26,6.26
2026-04-15,823963,紐約大都會 @ 洛杉磯道奇,8.52,10.0,1.48,-1.48
2026-04-15,824209,科羅拉多洛磯 @ 休士頓太空人,9.64,4.0,5.64,5.64
2026-04-15,824291,堪薩斯市皇家 @ 底特律老虎,7.8,3.0,4.8,4.8
2026-04-15,824532,舊金山巨人 @ 辛辛那提紅人,7.78,11.0,3.22,-3.22
2026-04-15,824615,坦帕灣光芒 @ 芝加哥白襪,8.96,11.0,2.04,-2.04
2026-04-15,824855,亞利桑那響尾蛇 @ 巴爾的摩金鶯,8.94,13.0,4.06,-4.06
2026-04-15,824936,邁阿密馬林魚 @ 亞特蘭大勇士,8.74,9.0,0.26,-0.26
2026-04-15,825021,德州遊騎兵 @ 運動家,8.36,11.0,2.64,-2.64
2026-04-16,823313,西雅圖水手 @ 聖地牙哥教士,8.34,7.0,1.34,1.34
2026-04-16,823396,華盛頓國民 @ 匹茲堡海盜,9.38,15.0,5.62,-5.62
2026-04-16,823560,洛杉磯天使 @ 紐約洋基,9.03,15.0,5.97,-5.97
2026-04-16,823801,多倫多藍鳥 @ 密爾瓦基釀酒人,9.17,3.0,6.17,6.17
2026-04-16,824208,科羅拉多洛磯 @ 休士頓太空人,9.51,5.0,4.51,4.51
2026-04-16,824289,堪薩斯市皇家 @ 底特律老虎,7.68,19.0,11.32,-11.32
2026-04-16,824453,巴爾的摩金鶯 @ 克里夫蘭守護者,8.52,6.0,2.52,2.52
2026-04-16,824530,舊金山巨人 @ 辛辛那提紅人,7.92,3.0,4.92,4.92
2026-04-16,824614,坦帕灣光芒 @ 芝加哥白襪,8.85,8.0,0.85,0.85
2026-04-16,825023,德州遊騎兵 @ 運動家,8.44,15.0,6.56,-6.56
2026-04-17,822752,舊金山巨人 @ 華盛頓國民,9.15,15.0,5.85,-5.85
2026-04-17,823152,德州遊騎兵 @ 西雅圖水手,8.2,5.0,3.2,3.2
2026-04-17,823397,坦帕灣光芒 @ 匹茲堡海盜,9.01,6.0,3.01,3.01
2026-04-17,823476,亞特蘭大勇士 @ 費城費城人,8.79,9.0,0.21,-0.21
2026-04-17,823559,堪薩斯市皇家 @ 紐約洋基,8.35,6.0,2.35,2.35
2026-04-17,823720,辛辛那提紅人 @ 明尼蘇達雙城,8.61,3.0,5.61,5.61
2026-04-17,823883,密爾瓦基釀酒人 @ 邁阿密馬林魚,9.06,12.0,2.94,-2.94
2026-04-17,824048,聖地牙哥教士 @ 洛杉磯天使,9.24,8.0,1.24,1.24
2026-04-17,824207,聖路易紅雀 @ 休士頓太空人,9.63,13.0,3.37,-3.37
2026-04-17,824373,洛杉磯道奇 @ 科羅拉多洛磯,9.0,8.0,1.0,1.0
2026-04-17,824454,巴爾的摩金鶯 @ 克里夫蘭守護者,8.35,10.0,1.65,-1.65
2026-04-17,824693,紐約大都會 @ 芝加哥小熊,8.53,16.0,7.47,-7.47
2026-04-17,824778,底特律老虎 @ 波士頓紅襪,8.57,1.0,7.57,7.57
2026-04-17,825019,芝加哥白襪 @ 運動家,8.63,11.0,2.37,-2.37
2026-04-17,825101,多倫多藍鳥 @ 亞利桑那響尾蛇,9.32,9.0,0.32,0.32
2026-04-18,822751,舊金山巨人 @ 華盛頓國民,9.44,13.0,3.56,-3.56
2026-04-18,823151,德州遊騎兵 @ 西雅圖水手,7.94,10.0,2.06,-2.06
2026-04-18,823394,坦帕灣光芒 @ 匹茲堡海盜,9.03,15.0,5.97,-5.97
2026-04-18,823474,亞特蘭大勇士 @ 費城費城人,8.92,4.0,4.92,4.92
2026-04-18,823558,堪薩斯市皇家 @ 紐約洋基,8.28,17.0,8.72,-8.72
2026-04-18,823721,辛辛那提紅人 @ 明尼蘇達雙城,8.56,9.0,0.44,-0.44
2026-04-18,823882,密爾瓦基釀酒人 @ 邁阿密馬林魚,9.2,7.0,2.2,2.2
2026-04-18,824049,聖地牙哥教士 @ 洛杉磯天使,9.18,5.0,4.18,4.18
2026-04-18,824206,聖路易紅雀 @ 休士頓太空人,9.84,12.0,2.16,-2.16
2026-04-18,824372,洛杉磯道奇 @ 科羅拉多洛磯,9.06,7.0,2.06,2.06
2026-04-18,824451,巴爾的摩金鶯 @ 克里夫蘭守護者,8.42,6.0,2.42,2.42
2026-04-18,824694,紐約大都會 @ 芝加哥小熊,8.81,6.0,2.81,2.81
2026-04-18,824775,底特律老虎 @ 波士頓紅襪,8.45,5.0,3.45,3.45
2026-04-18,825020,芝加哥白襪 @ 運動家,8.68,13.0,4.32,-4.32
2026-04-18,825098,多倫多藍鳥 @ 亞利桑那響尾蛇,9.26,8.0,1.26,1.26
2026-04-19,822750,舊金山巨人 @ 華盛頓國民,9.52,3.0,6.52,6.52
2026-04-19,823150,德州遊騎兵 @ 西雅圖水手,8.03,7.0,1.03,1.03
2026-04-19,823393,坦帕灣光芒 @ 匹茲堡海盜,8.99,9.0,0.01,-0.01
2026-04-19,823475,亞特蘭大勇士 @ 費城費城人,8.88,6.0,2.88,2.88
2026-04-19,823556,堪薩斯市皇家 @ 紐約洋基,8.6,7.0,1.6,1.6
2026-04-19,823718,辛辛那提紅人 @ 明尼蘇達雙城,8.75,11.0,2.25,-2.25
2026-04-19,823881,密爾瓦基釀酒人 @ 邁阿密馬林魚,9.26,8.0,1.26,1.26
2026-04-19,824047,聖地牙哥教士 @ 洛杉磯天使,9.06,3.0,6.06,6.06
2026-04-19,824205,聖路易紅雀 @ 休士頓太空人,10.06,12.0,1.94,-1.94
2026-04-19,824371,洛杉磯道奇 @ 科羅拉多洛磯,9.12,15.0,5.88,-5.88
2026-04-19,824452,巴爾的摩金鶯 @ 克里夫蘭守護者,8.47,12.0,3.53,-3.53
2026-04-19,824691,紐約大都會 @ 芝加哥小熊,8.68,3.0,5.68,5.68
2026-04-19,824777,底特律老虎 @ 波士頓紅襪,8.33,8.0,0.33,0.33
2026-04-19,825018,芝加哥白襪 @ 運動家,8.78,11.0,2.22,-2.22
2026-04-19,825100,多倫多藍鳥 @ 亞利桑那響尾蛇,9.09,14.0,4.91,-4.91
2026-04-20,822749,亞特蘭大勇士 @ 華盛頓國民,9.67,13.0,3.33,-3.33
2026-04-20,822994,辛辛那提紅人 @ 坦帕灣光芒,8.55,7.0,1.55,1.55
2026-04-20,823149,運動家 @ 西雅圖水手,8.48,10.0,1.52,-1.52
2026-04-20,823879,聖路易紅雀 @ 邁阿密馬林魚,9.4,8.0,1.4,1.4
2026-04-20,824046,多倫多藍鳥 @ 洛杉磯天使,9.21,7.0,2.21,2.21
2026-04-20,824125,巴爾的摩金鶯 @ 堪薩斯市皇家,8.53,12.0,3.47,-3.47
2026-04-20,824370,洛杉磯道奇 @ 科羅拉多洛磯,9.31,15.0,5.69,-5.69
2026-04-20,824450,休士頓太空人 @ 克里夫蘭守護者,9.25,11.0,1.75,-1.75
2026-04-20,824692,費城費城人 @ 芝加哥小熊,8.96,6.0,2.96,2.96
2026-04-20,824776,底特律老虎 @ 波士頓紅襪,8.41,14.0,5.59,-5.59
2026-04-21,822747,亞特蘭大勇士 @ 華盛頓國民,9.85,15.0,5.15,-5.15
2026-04-21,822914,匹茲堡海盜 @ 德州遊騎兵,8.37,6.0,2.37,2.37
2026-04-21,822995,辛辛那提紅人 @ 坦帕灣光芒,8.52,18.0,9.48,-9.48
2026-04-21,823148,運動家 @ 西雅圖水手,8.55,7.0,1.55,1.55
2026-04-21,823236,洛杉磯道奇 @ 舊金山巨人,8.93,4.0,4.93,4.93
2026-04-21,823640,明尼蘇達雙城 @ 紐約大都會,8.82,8.0,0.82,0.82
2026-04-21,823880,聖路易紅雀 @ 邁阿密馬林魚,9.36,8.0,1.36,1.36
2026-04-21,824045,多倫多藍鳥 @ 洛杉磯天使,8.95,6.0,2.95,2.95
2026-04-21,824127,巴爾的摩金鶯 @ 堪薩斯市皇家,8.6,11.0,2.4,-2.4
2026-04-21,824290,密爾瓦基釀酒人 @ 底特律老虎,8.63,16.0,7.37,-7.37
2026-04-21,824369,聖地牙哥教士 @ 科羅拉多洛磯,8.82,1.0,7.82,7.82
2026-04-21,824448,休士頓太空人 @ 克里夫蘭守護者,9.23,13.0,3.77,-3.77
2026-04-21,824690,費城費城人 @ 芝加哥小熊,8.81,11.0,2.19,-2.19
2026-04-21,824773,紐約洋基 @ 波士頓紅襪,9.09,4.0,5.09,5.09
2026-04-21,825099,芝加哥白襪 @ 亞利桑那響尾蛇,8.94,16.0,7.06,-7.06
2026-04-22,822748,亞特蘭大勇士 @ 華盛頓國民,10.0,14.0,4.0,-4.0
2026-04-22,822913,匹茲堡海盜 @ 德州遊騎兵,8.27,12.0,3.73,-3.73
2026-04-22,822993,辛辛那提紅人 @ 坦帕灣光芒,8.76,7.0,1.76,1.76
2026-04-22,823147,運動家 @ 西雅圖水手,8.66,9.0,0.34,-0.34
2026-04-22,823231,洛杉磯道奇 @ 舊金山巨人,8.91,3.0,5.91,5.91
2026-04-22,823641,明尼蘇達雙城 @ 紐約大都會,8.75,5.0,3.75,3.75
2026-04-22,823878,聖路易紅雀 @ 邁阿密馬林魚,9.15,5.0,4.15,4.15
2026-04-22,824044,多倫多藍鳥 @ 洛杉磯天使,8.89,10.0,1.11,-1.11
2026-04-22,824123,巴爾的摩金鶯 @ 堪薩斯市皇家,8.77,14.0,5.23,-5.23
2026-04-22,824286,密爾瓦基釀酒人 @ 底特律老虎,8.78,7.0,1.78,1.78
2026-04-22,824367,聖地牙哥教士 @ 科羅拉多洛磯,8.49,11.0,2.51,-2.51
2026-04-22,824449,休士頓太空人 @ 克里夫蘭守護者,9.39,2.0,7.39,7.39
2026-04-22,824688,費城費城人 @ 芝加哥小熊,8.86,9.0,0.14,-0.14
2026-04-22,824774,紐約洋基 @ 波士頓紅襪,9.07,5.0,4.07,4.07
2026-04-22,825097,芝加哥白襪 @ 亞利桑那響尾蛇,9.12,18.0,8.88,-8.88
2026-04-23,822745,亞特蘭大勇士 @ 華盛頓國民,10.25,9.0,1.25,1.25
2026-04-23,822912,匹茲堡海盜 @ 德州遊騎兵,8.5,7.0,1.5,1.5
2026-04-23,823233,洛杉磯道奇 @ 舊金山巨人,8.83,3.0,5.83,5.83
2026-04-23,823639,明尼蘇達雙城 @ 紐約大都會,8.75,18.0,9.25,-9.25
2026-04-23,824288,密爾瓦基釀酒人 @ 底特律老虎,8.57,9.0,0.43,-0.43
2026-04-23,824368,聖地牙哥教士 @ 科羅拉多洛磯,8.66,18.0,9.34,-9.34
2026-04-23,824689,費城費城人 @ 芝加哥小熊,8.78,15.0,6.22,-6.22
2026-04-23,824770,紐約洋基 @ 波士頓紅襪,9.04,6.0,3.04,3.04
2026-04-23,825096,芝加哥白襪 @ 亞利桑那響尾蛇,9.24,5.0,4.24,4.24
2026-04-24,822827,克里夫蘭守護者 @ 多倫多藍鳥,8.5,14.0,5.5,-5.5
2026-04-24,822909,運動家 @ 德州遊騎兵,8.65,9.0,0.35,-0.35
2026-04-24,822992,明尼蘇達雙城 @ 坦帕灣光芒,9.32,8.0,1.32,1.32
2026-04-24,823069,西雅圖水手 @ 聖路易紅雀,8.54,5.0,3.54,3.54
2026-04-24,823232,邁阿密馬林魚 @ 舊金山巨人,8.46,13.0,4.54,-4.54
2026-04-24,823638,科羅拉多洛磯 @ 紐約大都會,8.9,7.0,1.9,1.9
2026-04-24,823800,匹茲堡海盜 @ 密爾瓦基釀酒人,8.91,6.0,2.91,2.91
2026-04-24,823962,芝加哥小熊 @ 洛杉磯道奇,9.39,10.0,0.61,-0.61
2026-04-24,824124,洛杉磯天使 @ 堪薩斯市皇家,8.67,9.0,0.33,-0.33
2026-04-24,824204,紐約洋基 @ 休士頓太空人,9.68,16.0,6.32,-6.32
2026-04-24,824529,底特律老虎 @ 辛辛那提紅人,8.41,17.0,8.59,-8.59
2026-04-24,824611,華盛頓國民 @ 芝加哥白襪,9.65,9.0,0.65,0.65
2026-04-24,824854,波士頓紅襪 @ 巴爾的摩金鶯,8.89,13.0,4.11,-4.11
2026-04-24,824932,費城費城人 @ 亞特蘭大勇士,9.28,8.0,1.28,1.28
2026-04-25,822826,克里夫蘭守護者 @ 多倫多藍鳥,8.75,8.0,0.75,0.75
2026-04-25,822910,運動家 @ 德州遊騎兵,8.68,7.0,1.68,1.68
2026-04-25,822989,明尼蘇達雙城 @ 坦帕灣光芒,9.35,7.0,2.35,2.35
2026-04-25,823070,西雅圖水手 @ 聖路易紅雀,8.52,20.0,11.48,-11.48
2026-04-25,823229,邁阿密馬林魚 @ 舊金山巨人,8.58,8.0,0.58,0.58
2026-04-25,823799,匹茲堡海盜 @ 密爾瓦基釀酒人,8.79,9.0,0.21,-0.21
2026-04-25,823960,芝加哥小熊 @ 洛杉磯道奇,9.5,16.0,6.5,-6.5
2026-04-25,824121,洛杉磯天使 @ 堪薩斯市皇家,8.74,13.0,4.26,-4.26
2026-04-25,824203,紐約洋基 @ 休士頓太空人,9.89,11.0,1.11,-1.11
2026-04-25,824527,底特律老虎 @ 辛辛那提紅人,8.71,11.0,2.29,-2.29
2026-04-25,824613,華盛頓國民 @ 芝加哥白襪,9.51,9.0,0.51,0.51
2026-04-25,824851,波士頓紅襪 @ 巴爾的摩金鶯,8.96,18.0,9.04,-9.04
2026-04-25,824933,費城費城人 @ 亞特蘭大勇士,9.05,13.0,3.95,-3.95
2026-04-25,825093,聖地牙哥教士 @ 亞利桑那響尾蛇,9.1,10.0,0.9,-0.9
2026-04-26,822824,克里夫蘭守護者 @ 多倫多藍鳥,8.86,6.0,2.86,2.86
2026-04-26,822911,運動家 @ 德州遊騎兵,8.53,3.0,5.53,5.53
2026-04-26,822991,明尼蘇達雙城 @ 坦帕灣光芒,9.2,6.0,3.2,3.2
2026-04-26,823068,西雅圖水手 @ 聖路易紅雀,9.03,5.0,4.03,4.03
2026-04-26,823230,邁阿密馬林魚 @ 舊金山巨人,8.53,9.0,0.47,-0.47
2026-04-26,823635,科羅拉多洛磯 @ 紐約大都會,8.91,4.0,4.91,4.91
2026-04-26,823637,科羅拉多洛磯 @ 紐約大都會,8.85,3.0,5.85,5.85
2026-04-26,823797,匹茲堡海盜 @ 密爾瓦基釀酒人,8.76,5.0,3.76,3.76
2026-04-26,823959,芝加哥小熊 @ 洛杉磯道奇,9.62,6.0,3.62,3.62
2026-04-26,824122,洛杉磯天使 @ 堪薩斯市皇家,8.98,20.0,11.02,-11.02
2026-04-26,824202,紐約洋基 @ 休士頓太空人,9.85,11.0,1.15,-1.15
2026-04-26,824528,底特律老虎 @ 辛辛那提紅人,8.66,11.0,2.34,-2.34
2026-04-26,824612,華盛頓國民 @ 芝加哥白襪,9.43,3.0,6.43,6.43
2026-04-26,824852,波士頓紅襪 @ 巴爾的摩金鶯,9.27,8.0,1.27,1.27
2026-04-26,824934,費城費城人 @ 亞特蘭大勇士,9.23,8.0,1.23,1.23
2026-04-26,825094,聖地牙哥教士 @ 亞利桑那響尾蛇,9.25,19.0,9.75,-9.75
2026-04-27,822825,波士頓紅襪 @ 多倫多藍鳥,9.05,5.0,4.05,4.05
2026-04-27,822906,紐約洋基 @ 德州遊騎兵,8.65,6.0,2.65,2.65
2026-04-27,823311,芝加哥小熊 @ 聖地牙哥教士,9.4,16.0,6.6,-6.6
2026-04-27,823395,聖路易紅雀 @ 匹茲堡海盜,9.11,6.0,3.11,3.11
2026-04-27,823719,西雅圖水手 @ 明尼蘇達雙城,8.94,15.0,6.06,-6.06
2026-04-27,823961,邁阿密馬林魚 @ 洛杉磯道奇,9.05,9.0,0.05,0.05
2026-04-27,824446,坦帕灣光芒 @ 克里夫蘭守護者,8.87,5.0,3.87,3.87
2026-04-27,824609,洛杉磯天使 @ 芝加哥白襪,9.12,15.0,5.88,-5.88
2026-04-28,822823,波士頓紅襪 @ 多倫多藍鳥,8.85,3.0,5.85,5.85
2026-04-28,822908,紐約洋基 @ 德州遊騎兵,8.59,5.0,3.59,3.59
2026-04-28,823310,芝加哥小熊 @ 聖地牙哥教士,9.65,11.0,1.35,-1.35
2026-04-28,823390,聖路易紅雀 @ 匹茲堡海盜,8.88,18.0,9.12,-9.12
2026-04-28,823473,舊金山巨人 @ 費城費城人,8.44,7.0,1.44,1.44
2026-04-28,823636,華盛頓國民 @ 紐約大都會,9.03,8.0,1.03,1.03
2026-04-28,823716,西雅圖水手 @ 明尼蘇達雙城,9.1,8.0,1.1,1.1
2026-04-28,823798,亞利桑那響尾蛇 @ 密爾瓦基釀酒人,9.41,15.0,5.59,-5.59
2026-04-28,823956,邁阿密馬林魚 @ 洛杉磯道奇,8.91,3.0,5.91,5.91
2026-04-28,824447,坦帕灣光芒 @ 克里夫蘭守護者,8.72,1.0,7.72,7.72
2026-04-28,824526,科羅拉多洛磯 @ 辛辛那提紅人,9.12,9.0,0.12,0.12
2026-04-28,824610,洛杉磯天使 @ 芝加哥白襪,9.3,7.0,2.3,2.3
2026-04-28,824849,休士頓太空人 @ 巴爾的摩金鶯,9.79,8.0,1.79,1.79
2026-04-28,824931,底特律老虎 @ 亞特蘭大勇士,9.27,7.0,2.27,2.27
2026-04-28,825017,堪薩斯市皇家 @ 運動家,8.94,5.0,3.94,3.94
2026-04-29,822821,波士頓紅襪 @ 多倫多藍鳥,8.69,9.0,0.31,-0.31
2026-04-29,822907,紐約洋基 @ 德州遊騎兵,8.56,3.0,5.56,5.56
2026-04-29,823312,芝加哥小熊 @ 聖地牙哥教士,9.62,9.0,0.62,0.62
2026-04-29,823392,聖路易紅雀 @ 匹茲堡海盜,9.24,9.0,0.24,0.24
2026-04-29,823633,華盛頓國民 @ 紐約大都會,8.89,16.0,7.11,-7.11
2026-04-29,823717,西雅圖水手 @ 明尼蘇達雙城,9.14,8.0,1.14,1.14
2026-04-29,823796,亞利桑那響尾蛇 @ 密爾瓦基釀酒人,9.69,8.0,1.69,1.69
2026-04-29,823958,邁阿密馬林魚 @ 洛杉磯道奇,8.71,5.0,3.71,3.71
2026-04-29,824445,坦帕灣光芒 @ 克里夫蘭守護者,8.57,4.0,4.57,4.57
2026-04-29,824525,科羅拉多洛磯 @ 辛辛那提紅人,9.1,15.0,5.9,-5.9
2026-04-29,824608,洛杉磯天使 @ 芝加哥白襪,9.34,5.0,4.34,4.34
2026-04-29,824930,底特律老虎 @ 亞特蘭大勇士,9.17,7.0,2.17,2.17
2026-04-29,825015,堪薩斯市皇家 @ 運動家,8.56,7.0,1.56,1.56
2026-04-30,823391,聖路易紅雀 @ 匹茲堡海盜,9.16,15.0,5.84,-5.84
2026-04-30,823471,舊金山巨人 @ 費城費城人,8.45,11.0,2.55,-2.55
2026-04-30,823472,舊金山巨人 @ 費城費城人,8.53,5.0,3.53,3.53
2026-04-30,823634,華盛頓國民 @ 紐約大都會,9.08,9.0,0.08,0.08
2026-04-30,823714,多倫多藍鳥 @ 明尼蘇達雙城,9.1,8.0,1.1,1.1
2026-04-30,823795,亞利桑那響尾蛇 @ 密爾瓦基釀酒人,9.69,14.0,4.31,-4.31
2026-04-30,824524,科羅拉多洛磯 @ 辛辛那提紅人,9.43,10.0,0.57,-0.57
2026-04-30,824848,休士頓太空人 @ 巴爾的摩金鶯,9.56,13.0,3.44,-3.44
2026-04-30,824850,休士頓太空人 @ 巴爾的摩金鶯,9.67,16.0,6.33,-6.33
2026-04-30,824929,底特律老虎 @ 亞特蘭大勇士,9.18,7.0,2.18,2.18
2026-04-30,825016,堪薩斯市皇家 @ 運動家,8.56,9.0,0.44,-0.44
2026-05-01,822744,密爾瓦基釀酒人 @ 華盛頓國民,9.48,7.0,2.48,2.48
2026-05-01,822990,舊金山巨人 @ 坦帕灣光芒,8.12,3.0,5.12,5.12
2026-05-01,823066,洛杉磯道奇 @ 聖路易紅雀,9.07,9.0,0.07,0.07
2026-05-01,823146,堪薩斯市皇家 @ 西雅圖水手,8.83,13.0,4.17,-4.17
2026-05-01,823309,芝加哥白襪 @ 聖地牙哥教士,8.99,10.0,1.01,-1.01
2026-05-01,823389,辛辛那提紅人 @ 匹茲堡海盜,9.27,10.0,0.73,-0.73
2026-05-01,823557,巴爾的摩金鶯 @ 紐約洋基,9.61,9.0,0.61,0.61
2026-05-01,823713,多倫多藍鳥 @ 明尼蘇達雙城,9.06,10.0,0.94,-0.94
2026-05-01,823877,費城費城人 @ 邁阿密馬林魚,8.88,11.0,2.12,-2.12
2026-05-01,824041,紐約大都會 @ 洛杉磯天使,9.03,7.0,2.03,2.03
2026-05-01,824287,德州遊騎兵 @ 底特律老虎,8.2,9.0,0.8,-0.8
2026-05-01,824366,亞特蘭大勇士 @ 科羅拉多洛磯,9.46,14.0,4.54,-4.54
2026-05-01,824686,亞利桑那響尾蛇 @ 芝加哥小熊,10.28,11.0,0.72,-0.72
2026-05-01,824772,休士頓太空人 @ 波士頓紅襪,9.26,4.0,5.26,5.26
2026-05-01,825012,克里夫蘭守護者 @ 運動家,8.59,13.0,4.41,-4.41
2026-05-02,822746,密爾瓦基釀酒人 @ 華盛頓國民,9.46,5.0,4.46,4.46
2026-05-02,822988,舊金山巨人 @ 坦帕灣光芒,7.95,6.0,1.95,1.95
2026-05-02,823067,洛杉磯道奇 @ 聖路易紅雀,9.12,5.0,4.12,4.12
2026-05-02,823144,堪薩斯市皇家 @ 西雅圖水手,9.02,5.0,4.02,4.02
2026-05-02,823308,芝加哥白襪 @ 聖地牙哥教士,9.06,4.0,5.06,5.06
2026-05-02,823388,辛辛那提紅人 @ 匹茲堡海盜,9.38,24.0,14.62,-14.62
2026-05-02,823554,巴爾的摩金鶯 @ 紐約洋基,9.74,13.0,3.26,-3.26
2026-05-02,823715,多倫多藍鳥 @ 明尼蘇達雙城,9.19,15.0,5.81,-5.81
2026-05-02,823876,費城費城人 @ 邁阿密馬林魚,8.97,4.0,4.97,4.97
2026-05-02,824042,紐約大都會 @ 洛杉磯天使,8.97,7.0,1.97,1.97
2026-05-02,824284,德州遊騎兵 @ 底特律老虎,8.36,6.0,2.36,2.36
2026-05-02,824365,亞特蘭大勇士 @ 科羅拉多洛磯,9.59,10.0,0.41,-0.41
2026-05-02,824685,亞利桑那響尾蛇 @ 芝加哥小熊,10.38,2.0,8.38,8.38
2026-05-02,824771,休士頓太空人 @ 波士頓紅襪,9.16,9.0,0.16,0.16
2026-05-02,825014,克里夫蘭守護者 @ 運動家,8.78,20.0,11.22,-11.22
2026-05-03,822742,密爾瓦基釀酒人 @ 華盛頓國民,9.47,5.0,4.47,4.47
2026-05-03,822987,舊金山巨人 @ 坦帕灣光芒,7.93,3.0,4.93,4.93
2026-05-03,823065,洛杉磯道奇 @ 聖路易紅雀,8.97,5.0,3.97,3.97
2026-05-03,823145,堪薩斯市皇家 @ 西雅圖水手,8.91,5.0,3.91,3.91
2026-05-03,823307,芝加哥白襪 @ 聖地牙哥教士,8.99,7.0,1.99,1.99
2026-05-03,823387,辛辛那提紅人 @ 匹茲堡海盜,9.89,1.0,8.89,8.89
2026-05-03,823555,巴爾的摩金鶯 @ 紐約洋基,9.89,14.0,4.11,-4.11
2026-05-03,823711,多倫多藍鳥 @ 明尼蘇達雙城,9.23,7.0,2.23,2.23
2026-05-03,823875,費城費城人 @ 邁阿密馬林魚,8.81,9.0,0.19,-0.19
2026-05-03,824043,紐約大都會 @ 洛杉磯天使,8.87,6.0,2.87,2.87
2026-05-03,824285,德州遊騎兵 @ 底特律老虎,8.28,8.0,0.28,0.28
2026-05-03,824364,亞特蘭大勇士 @ 科羅拉多洛磯,9.54,17.0,7.46,-7.46
2026-05-03,824687,亞利桑那響尾蛇 @ 芝加哥小熊,10.26,12.0,1.74,-1.74
2026-05-03,824769,休士頓太空人 @ 波士頓紅襪,9.13,4.0,5.13,5.13
2026-05-03,825013,克里夫蘭守護者 @ 運動家,9.1,8.0,1.1,1.1
2026-05-04,822984,多倫多藍鳥 @ 坦帕灣光芒,8.38,6.0,2.38,2.38
2026-05-04,823064,密爾瓦基釀酒人 @ 聖路易紅雀,9.16,9.0,0.16,0.16
2026-05-04,823143,亞特蘭大勇士 @ 西雅圖水手,9.21,9.0,0.21,0.21
2026-05-04,823228,聖地牙哥教士 @ 舊金山巨人,8.26,5.0,3.26,3.26
2026-05-04,823552,巴爾的摩金鶯 @ 紐約洋基,10.06,13.0,2.94,-2.94
2026-05-04,823874,費城費城人 @ 邁阿密馬林魚,8.95,1.0,7.95,7.95
2026-05-04,824039,芝加哥白襪 @ 洛杉磯天使,9.23,6.0,3.23,3.23
2026-05-04,824120,克里夫蘭守護者 @ 堪薩斯市皇家,8.9,8.0,0.9,0.9
2026-05-04,824201,洛杉磯道奇 @ 休士頓太空人,8.72,11.0,2.28,-2.28
2026-05-04,824283,波士頓紅襪 @ 底特律老虎,8.71,9.0,0.29,-0.29
2026-05-04,824363,紐約大都會 @ 科羅拉多洛磯,8.95,6.0,2.95,2.95
2026-05-04,824684,辛辛那提紅人 @ 芝加哥小熊,9.92,9.0,0.92,0.92
2026-05-05,822743,明尼蘇達雙城 @ 華盛頓國民,9.57,14.0,4.43,-4.43
2026-05-05,822986,多倫多藍鳥 @ 坦帕灣光芒,8.28,7.0,1.28,1.28
2026-05-05,823142,亞特蘭大勇士 @ 西雅圖水手,9.14,5.0,4.14,4.14
2026-05-05,823227,聖地牙哥教士 @ 舊金山巨人,8.18,15.0,6.82,-6.82
2026-05-05,823469,運動家 @ 費城費城人,9.1,10.0,0.9,-0.9
2026-05-05,823553,德州遊騎兵 @ 紐約洋基,8.81,11.0,2.19,-2.19
2026-05-05,823873,巴爾的摩金鶯 @ 邁阿密馬林魚,9.51,16.0,6.49,-6.49
2026-05-05,824040,芝加哥白襪 @ 洛杉磯天使,9.15,7.0,2.15,2.15
2026-05-05,824119,克里夫蘭守護者 @ 堪薩斯市皇家,8.92,8.0,0.92,0.92
2026-05-05,824200,洛杉磯道奇 @ 休士頓太空人,8.85,3.0,5.85,5.85
2026-05-05,824281,波士頓紅襪 @ 底特律老虎,8.63,13.0,4.37,-4.37
2026-05-05,824682,辛辛那提紅人 @ 芝加哥小熊,9.83,5.0,4.83,4.83
2026-05-05,825092,匹茲堡海盜 @ 亞利桑那響尾蛇,10.03,9.0,1.03,1.03
2026-05-06,822740,明尼蘇達雙城 @ 華盛頓國民,9.54,17.0,7.46,-7.46
2026-05-06,822985,多倫多藍鳥 @ 坦帕灣光芒,8.11,3.0,5.11,5.11
2026-05-06,823063,密爾瓦基釀酒人 @ 聖路易紅雀,9.2,8.0,1.2,1.2
2026-05-06,823141,亞特蘭大勇士 @ 西雅圖水手,8.96,4.0,4.96,4.96
2026-05-06,823226,聖地牙哥教士 @ 舊金山巨人,8.31,6.0,2.31,2.31
2026-05-06,823470,運動家 @ 費城費城人,9.07,9.0,0.07,0.07
2026-05-06,823550,德州遊騎兵 @ 紐約洋基,8.72,7.0,1.72,1.72
2026-05-06,823872,巴爾的摩金鶯 @ 邁阿密馬林魚,9.61,11.0,1.39,-1.39
2026-05-06,824036,芝加哥白襪 @ 洛杉磯天使,8.88,10.0,1.12,-1.12
2026-05-06,824118,克里夫蘭守護者 @ 堪薩斯市皇家,8.81,4.0,4.81,4.81
2026-05-06,824198,洛杉磯道奇 @ 休士頓太空人,8.75,14.0,5.25,-5.25
2026-05-06,824282,波士頓紅襪 @ 底特律老虎,8.7,4.0,4.7,4.7
2026-05-06,824361,紐約大都會 @ 科羅拉多洛磯,8.75,15.0,6.25,-6.25
2026-05-06,824683,辛辛那提紅人 @ 芝加哥小熊,9.47,13.0,3.53,-3.53
2026-05-06,825091,匹茲堡海盜 @ 亞利桑那響尾蛇,9.83,1.0,8.83,8.83
2026-05-07,822741,明尼蘇達雙城 @ 華盛頓國民,9.62,12.0,2.38,-2.38
2026-05-07,823306,聖路易紅雀 @ 聖地牙哥教士,9.1,3.0,6.1,6.1
2026-05-07,823467,運動家 @ 費城費城人,9.02,13.0,3.98,-3.98
2026-05-07,823551,德州遊騎兵 @ 紐約洋基,8.67,11.0,2.33,-2.33
2026-05-07,823870,巴爾的摩金鶯 @ 邁阿密馬林魚,9.62,7.0,2.62,2.62
2026-05-07,824117,克里夫蘭守護者 @ 堪薩斯市皇家,8.71,13.0,4.29,-4.29
2026-05-07,824362,紐約大都會 @ 科羅拉多洛磯,9.0,8.0,1.0,1.0
2026-05-07,824681,辛辛那提紅人 @ 芝加哥小熊,9.6,11.0,1.4,-1.4
2026-05-07,824767,坦帕灣光芒 @ 波士頓紅襪,7.94,12.0,4.06,-4.06
2026-05-07,825090,匹茲堡海盜 @ 亞利桑那響尾蛇,9.61,6.0,3.61,3.61
2026-05-08,822822,洛杉磯天使 @ 多倫多藍鳥,8.57,2.0,6.57,6.57
2026-05-08,822904,芝加哥小熊 @ 德州遊騎兵,8.79,8.0,0.79,0.79
2026-05-08,823225,匹茲堡海盜 @ 舊金山巨人,8.33,7.0,1.33,1.33
2026-05-08,823303,聖路易紅雀 @ 聖地牙哥教士,8.94,6.0,2.94,2.94
2026-05-08,823466,科羅拉多洛磯 @ 費城費城人,9.18,16.0,6.82,-6.82
2026-05-08,823794,紐約洋基 @ 密爾瓦基釀酒人,9.23,6.0,3.23,3.23
2026-05-08,823871,華盛頓國民 @ 邁阿密馬林魚,9.29,5.0,4.29,4.29
2026-05-08,823957,亞特蘭大勇士 @ 洛杉磯道奇,8.95,4.0,4.95,4.95
2026-05-08,824116,底特律老虎 @ 堪薩斯市皇家,9.26,7.0,2.26,2.26
2026-05-08,824443,明尼蘇達雙城 @ 克里夫蘭守護者,9.04,10.0,0.96,-0.96
2026-05-08,824522,休士頓太空人 @ 辛辛那提紅人,9.35,10.0,0.65,-0.65
2026-05-08,824607,西雅圖水手 @ 芝加哥白襪,8.69,20.0,11.31,-11.31
2026-05-08,824768,坦帕灣光芒 @ 波士頓紅襪,7.92,2.0,5.92,5.92
2026-05-08,824846,運動家 @ 巴爾的摩金鶯,10.12,7.0,3.12,3.12
2026-05-08,825088,紐約大都會 @ 亞利桑那響尾蛇,9.41,4.0,5.41,5.41
2026-05-09,822820,洛杉磯天使 @ 多倫多藍鳥,8.45,15.0,6.55,-6.55
2026-05-09,822905,芝加哥小熊 @ 德州遊騎兵,8.62,6.0,2.62,2.62
2026-05-09,823224,匹茲堡海盜 @ 舊金山巨人,8.16,16.0,7.84,-7.84
2026-05-09,823304,聖路易紅雀 @ 聖地牙哥教士,8.8,6.0,2.8,2.8
2026-05-09,823468,科羅拉多洛磯 @ 費城費城人,9.47,12.0,2.53,-2.53
2026-05-09,823792,紐約洋基 @ 密爾瓦基釀酒人,8.96,7.0,1.96,1.96
2026-05-09,823869,華盛頓國民 @ 邁阿密馬林魚,9.07,15.0,5.93,-5.93
2026-05-09,823955,亞特蘭大勇士 @ 洛杉磯道奇,8.77,9.0,0.23,-0.23
2026-05-09,824115,底特律老虎 @ 堪薩斯市皇家,8.9,6.0,2.9,2.9
2026-05-09,824444,明尼蘇達雙城 @ 克里夫蘭守護者,9.04,3.0,6.04,6.04
2026-05-09,824523,休士頓太空人 @ 辛辛那提紅人,9.54,4.0,5.54,5.54
2026-05-09,824606,西雅圖水手 @ 芝加哥白襪,8.95,7.0,1.95,1.95
2026-05-09,824847,運動家 @ 巴爾的摩金鶯,10.07,8.0,2.07,2.07
2026-05-09,825089,紐約大都會 @ 亞利桑那響尾蛇,9.25,3.0,6.25,6.25
2026-05-10,822819,洛杉磯天使 @ 多倫多藍鳥,8.54,7.0,1.54,1.54
2026-05-10,822902,芝加哥小熊 @ 德州遊騎兵,8.47,3.0,5.47,5.47
2026-05-10,823221,匹茲堡海盜 @ 舊金山巨人,8.5,13.0,4.5,-4.5
2026-05-10,823305,聖路易紅雀 @ 聖地牙哥教士,8.66,5.0,3.66,3.66
2026-05-10,823463,科羅拉多洛磯 @ 費城費城人,9.67,6.0,3.67,3.67
2026-05-10,823793,紐約洋基 @ 密爾瓦基釀酒人,9.03,7.0,2.03,2.03
2026-05-10,823868,華盛頓國民 @ 邁阿密馬林魚,9.14,7.0,2.14,2.14
2026-05-10,823954,亞特蘭大勇士 @ 洛杉磯道奇,8.76,9.0,0.24,-0.24
2026-05-10,824113,底特律老虎 @ 堪薩斯市皇家,8.97,9.0,0.03,-0.03
2026-05-10,824440,明尼蘇達雙城 @ 克里夫蘭守護者,8.93,9.0,0.07,-0.07
2026-05-10,824520,休士頓太空人 @ 辛辛那提紅人,9.54,5.0,4.54,4.54
2026-05-10,824605,西雅圖水手 @ 芝加哥白襪,8.94,3.0,5.94,5.94
2026-05-10,824765,坦帕灣光芒 @ 波士頓紅襪,7.83,5.0,2.83,2.83
2026-05-10,824845,運動家 @ 巴爾的摩金鶯,9.94,3.0,6.94,6.94
2026-05-10,825085,紐約大都會 @ 亞利桑那響尾蛇,9.08,6.0,3.08,3.08
2026-05-11,822818,坦帕灣光芒 @ 多倫多藍鳥,7.95,13.0,5.05,-5.05
2026-05-11,822901,亞利桑那響尾蛇 @ 德州遊騎兵,8.6,1.0,7.6,7.6
2026-05-11,823953,舊金山巨人 @ 洛杉磯道奇,8.22,12.0,3.78,-3.78
2026-05-11,824199,西雅圖水手 @ 休士頓太空人,8.87,4.0,4.87,4.87
2026-05-11,824441,洛杉磯天使 @ 克里夫蘭守護者,8.46,9.0,0.54,-0.54
2026-05-11,824844,紐約洋基 @ 巴爾的摩金鶯,9.69,5.0,4.69,4.69
2026-05-12,822817,坦帕灣光芒 @ 多倫多藍鳥,7.9,13.0,5.1,-5.1
2026-05-12,822903,亞利桑那響尾蛇 @ 德州遊騎兵,8.34,11.0,2.66,-2.66
2026-05-12,823385,科羅拉多洛磯 @ 匹茲堡海盜,9.58,4.0,5.58,5.58
2026-05-12,823632,底特律老虎 @ 紐約大都會,8.49,12.0,3.51,-3.51
2026-05-12,823712,邁阿密馬林魚 @ 明尼蘇達雙城,9.01,3.0,6.01,6.01
2026-05-12,823790,聖地牙哥教士 @ 密爾瓦基釀酒人,8.63,10.0,1.37,-1.37
2026-05-12,823951,舊金山巨人 @ 洛杉磯道奇,8.16,8.0,0.16,0.16
2026-05-12,824197,西雅圖水手 @ 休士頓太空人,8.65,12.0,3.35,-3.35
2026-05-12,824442,洛杉磯天使 @ 克里夫蘭守護者,8.47,5.0,3.47,3.47
2026-05-12,824521,華盛頓國民 @ 辛辛那提紅人,9.62,14.0,4.38,-4.38
2026-05-12,824604,堪薩斯市皇家 @ 芝加哥白襪,8.91,11.0,2.09,-2.09
2026-05-12,824764,費城費城人 @ 波士頓紅襪,8.69,3.0,5.69,5.69
2026-05-12,824843,紐約洋基 @ 巴爾的摩金鶯,9.55,8.0,1.55,1.55
2026-05-12,824927,芝加哥小熊 @ 亞特蘭大勇士,9.24,7.0,2.24,2.24
2026-05-12,825011,聖路易紅雀 @ 運動家,8.89,10.0,1.11,-1.11
2026-05-13,822815,坦帕灣光芒 @ 多倫多藍鳥,8.05,8.0,0.05,0.05
2026-05-13,822900,亞利桑那響尾蛇 @ 德州遊騎兵,8.44,11.0,2.56,-2.56
2026-05-13,823386,科羅拉多洛磯 @ 匹茲堡海盜,9.33,14.0,4.67,-4.67
2026-05-13,823631,底特律老虎 @ 紐約大都會,8.64,5.0,3.64,3.64
2026-05-13,823710,邁阿密馬林魚 @ 明尼蘇達雙城,8.81,14.0,5.19,-5.19
2026-05-13,823791,聖地牙哥教士 @ 密爾瓦基釀酒人,8.67,4.0,4.67,4.67
2026-05-13,823952,舊金山巨人 @ 洛杉磯道奇,8.12,4.0,4.12,4.12
2026-05-13,824195,西雅圖水手 @ 休士頓太空人,8.73,7.0,1.73,1.73
2026-05-13,824438,洛杉磯天使 @ 克里夫蘭守護者,8.42,6.0,2.42,2.42
2026-05-13,824519,華盛頓國民 @ 辛辛那提紅人,9.82,15.0,5.18,-5.18
2026-05-13,824603,堪薩斯市皇家 @ 芝加哥白襪,8.96,11.0,2.04,-2.04
2026-05-13,824763,費城費城人 @ 波士頓紅襪,8.58,4.0,4.58,4.58
2026-05-13,824841,紐約洋基 @ 巴爾的摩金鶯,9.54,7.0,2.54,2.54
2026-05-13,824928,芝加哥小熊 @ 亞特蘭大勇士,9.26,5.0,4.26,4.26
2026-05-13,825010,聖路易紅雀 @ 運動家,8.81,8.0,0.81,0.81
2026-05-14,823383,科羅拉多洛磯 @ 匹茲堡海盜,9.46,9.0,0.46,0.46
2026-05-14,823630,底特律老虎 @ 紐約大都會,8.53,13.0,4.47,-4.47
2026-05-14,823709,邁阿密馬林魚 @ 明尼蘇達雙城,8.99,10.0,1.01,-1.01
2026-05-14,823789,聖地牙哥教士 @ 密爾瓦基釀酒人,8.63,8.0,0.63,0.63
2026-05-14,823950,舊金山巨人 @ 洛杉磯道奇,8.12,7.0,1.12,1.12
2026-05-14,824196,西雅圖水手 @ 休士頓太空人,8.62,11.0,2.38,-2.38
2026-05-14,824517,華盛頓國民 @ 辛辛那提紅人,9.98,16.0,6.02,-6.02
2026-05-14,824602,堪薩斯市皇家 @ 芝加哥白襪,8.94,8.0,0.94,0.94
2026-05-14,824762,費城費城人 @ 波士頓紅襪,8.32,4.0,4.32,4.32
2026-05-14,824926,芝加哥小熊 @ 亞特蘭大勇士,9.03,2.0,7.03,7.03
2026-05-14,825008,聖路易紅雀 @ 運動家,8.77,9.0,0.23,-0.23
2026-05-15,822739,巴爾的摩金鶯 @ 華盛頓國民,9.95,5.0,4.95,4.95
2026-05-15,822983,邁阿密馬林魚 @ 坦帕灣光芒,8.03,9.0,0.97,-0.97
2026-05-15,823061,堪薩斯市皇家 @ 聖路易紅雀,8.71,9.0,0.29,-0.29
2026-05-15,823140,聖地牙哥教士 @ 西雅圖水手,8.76,2.0,6.76,6.76
2026-05-15,823384,費城費城人 @ 匹茲堡海盜,8.84,20.0,11.16,-11.16
2026-05-15,823629,紐約洋基 @ 紐約大都會,8.8,7.0,1.8,1.8
2026-05-15,823707,密爾瓦基釀酒人 @ 明尼蘇達雙城,9.14,5.0,4.14,4.14
2026-05-15,824037,洛杉磯道奇 @ 洛杉磯天使,8.49,6.0,2.49,2.49
2026-05-15,824194,德州遊騎兵 @ 休士頓太空人,8.11,2.0,6.11,6.11
2026-05-15,824280,多倫多藍鳥 @ 底特律老虎,8.69,5.0,3.69,3.69
2026-05-15,824360,亞利桑那響尾蛇 @ 科羅拉多洛磯,9.72,10.0,0.28,-0.28
2026-05-15,824439,辛辛那提紅人 @ 克里夫蘭守護者,8.93,13.0,4.07,-4.07
2026-05-15,824601,芝加哥小熊 @ 芝加哥白襪,8.75,15.0,6.25,-6.25
2026-05-15,824925,波士頓紅襪 @ 亞特蘭大勇士,8.2,5.0,3.2,3.2
2026-05-15,825009,舊金山巨人 @ 運動家,8.57,7.0,1.57,1.57
2026-05-16,822737,巴爾的摩金鶯 @ 華盛頓國民,9.68,16.0,6.32,-6.32
2026-05-16,822981,邁阿密馬林魚 @ 坦帕灣光芒,7.96,15.0,7.04,-7.04
2026-05-16,823060,堪薩斯市皇家 @ 聖路易紅雀,8.71,6.0,2.71,2.71
2026-05-16,823139,聖地牙哥教士 @ 西雅圖水手,8.52,11.0,2.48,-2.48
2026-05-16,823382,費城費城人 @ 匹茲堡海盜,9.13,6.0,3.13,3.13
2026-05-16,823627,紐約洋基 @ 紐約大都會,8.84,9.0,0.16,-0.16
2026-05-16,823706,密爾瓦基釀酒人 @ 明尼蘇達雙城,8.77,3.0,5.77,5.77
2026-05-16,824038,洛杉磯道奇 @ 洛杉磯天使,8.53,17.0,8.47,-8.47
2026-05-16,824193,德州遊騎兵 @ 休士頓太空人,7.96,5.0,2.96,2.96
2026-05-16,824278,多倫多藍鳥 @ 底特律老虎,8.58,3.0,5.58,5.58
2026-05-16,824359,亞利桑那響尾蛇 @ 科羅拉多洛磯,9.62,6.0,3.62,3.62
2026-05-16,824435,辛辛那提紅人 @ 克里夫蘭守護者,9.2,11.0,1.8,-1.8
2026-05-16,824600,芝加哥小熊 @ 芝加哥白襪,8.71,11.0,2.29,-2.29
2026-05-16,824924,波士頓紅襪 @ 亞特蘭大勇士,8.06,5.0,3.06,3.06
2026-05-16,825007,舊金山巨人 @ 運動家,8.63,10.0,1.37,-1.37
2026-05-17,822738,巴爾的摩金鶯 @ 華盛頓國民,9.83,10.0,0.17,-0.17
2026-05-17,822982,邁阿密馬林魚 @ 坦帕灣光芒,8.1,9.0,0.9,-0.9
2026-05-17,823058,堪薩斯市皇家 @ 聖路易紅雀,8.67,2.0,6.67,6.67
2026-05-17,823138,聖地牙哥教士 @ 西雅圖水手,8.5,11.0,2.5,-2.5
2026-05-17,823381,費城費城人 @ 匹茲堡海盜,9.09,6.0,3.09,3.09
2026-05-17,823628,紐約洋基 @ 紐約大都會,8.58,13.0,4.42,-4.42
2026-05-17,823708,密爾瓦基釀酒人 @ 明尼蘇達雙城,8.64,9.0,0.36,-0.36
2026-05-17,824034,洛杉磯道奇 @ 洛杉磯天使,8.74,11.0,2.26,-2.26
2026-05-17,824192,德州遊騎兵 @ 休士頓太空人,7.76,8.0,0.24,-0.24
2026-05-17,824279,多倫多藍鳥 @ 底特律老虎,8.32,5.0,3.32,3.32
2026-05-17,824358,亞利桑那響尾蛇 @ 科羅拉多洛磯,9.25,14.0,4.75,-4.75
2026-05-17,824436,辛辛那提紅人 @ 克里夫蘭守護者,9.06,13.0,3.94,-3.94
2026-05-17,824599,芝加哥小熊 @ 芝加哥白襪,8.81,17.0,8.19,-8.19
2026-05-17,824923,波士頓紅襪 @ 亞特蘭大勇士,7.98,9.0,1.02,-1.02
2026-05-17,825006,舊金山巨人 @ 運動家,8.61,11.0,2.39,-2.39
2026-05-18,822734,紐約大都會 @ 華盛頓國民,9.24,23.0,13.76,-13.76
2026-05-18,822980,巴爾的摩金鶯 @ 坦帕灣光芒,8.5,22.0,13.5,-13.5
2026-05-18,823137,芝加哥白襪 @ 西雅圖水手,8.66,7.0,1.66,1.66
2026-05-18,823301,洛杉磯道奇 @ 聖地牙哥教士,8.49,1.0,7.49,7.49
2026-05-18,823465,辛辛那提紅人 @ 費城費城人,9.28,9.0,0.28,0.28
2026-05-18,823549,多倫多藍鳥 @ 紐約洋基,8.54,13.0,4.46,-4.46
2026-05-18,823705,休士頓太空人 @ 明尼蘇達雙城,8.71,9.0,0.29,-0.29
2026-05-18,823867,亞特蘭大勇士 @ 邁阿密馬林魚,8.48,12.0,3.52,-3.52
2026-05-18,824035,運動家 @ 洛杉磯天使,8.94,3.0,5.94,5.94
2026-05-18,824114,波士頓紅襪 @ 堪薩斯市皇家,7.98,4.0,3.98,3.98
2026-05-18,824277,克里夫蘭守護者 @ 底特律老虎,8.23,10.0,1.77,-1.77
2026-05-18,824357,德州遊騎兵 @ 科羅拉多洛磯,8.53,13.0,4.47,-4.47
2026-05-18,824680,密爾瓦基釀酒人 @ 芝加哥小熊,8.56,12.0,3.44,-3.44
2026-05-18,825087,舊金山巨人 @ 亞利桑那響尾蛇,8.72,14.0,5.28,-5.28
2026-05-19,822736,紐約大都會 @ 華盛頓國民,9.75,15.0,5.25,-5.25
2026-05-19,822979,巴爾的摩金鶯 @ 坦帕灣光芒,8.94,5.0,3.94,3.94
2026-05-19,823059,匹茲堡海盜 @ 聖路易紅雀,8.69,15.0,6.31,-6.31
2026-05-19,823136,芝加哥白襪 @ 西雅圖水手,8.66,3.0,5.66,5.66
2026-05-19,823302,洛杉磯道奇 @ 聖地牙哥教士,8.13,9.0,0.87,-0.87
2026-05-19,823464,辛辛那提紅人 @ 費城費城人,9.28,5.0,4.28,4.28
2026-05-19,823548,多倫多藍鳥 @ 紐約洋基,8.68,9.0,0.32,-0.32
2026-05-19,823704,休士頓太空人 @ 明尼蘇達雙城,8.72,3.0,5.72,5.72
2026-05-19,823865,亞特蘭大勇士 @ 邁阿密馬林魚,8.52,12.0,3.48,-3.48
2026-05-19,824033,運動家 @ 洛杉磯天使,8.74,20.0,11.26,-11.26
2026-05-19,824112,波士頓紅襪 @ 堪薩斯市皇家,7.5,8.0,0.5,-0.5
2026-05-19,824276,克里夫蘭守護者 @ 底特律老虎,8.29,7.0,1.29,1.29
2026-05-19,824356,德州遊騎兵 @ 科羅拉多洛磯,8.76,10.0,1.24,-1.24
2026-05-19,824677,密爾瓦基釀酒人 @ 芝加哥小熊,8.76,7.0,1.76,1.76
2026-05-19,825086,舊金山巨人 @ 亞利桑那響尾蛇,8.85,8.0,0.85,0.85
2026-05-20,822735,紐約大都會 @ 華盛頓國民,10.12,12.0,1.88,-1.88
2026-05-20,822977,巴爾的摩金鶯 @ 坦帕灣光芒,8.87,8.0,0.87,0.87
2026-05-20,823057,匹茲堡海盜 @ 聖路易紅雀,9.0,7.0,2.0,2.0
2026-05-20,823134,芝加哥白襪 @ 西雅圖水手,8.49,9.0,0.51,-0.51
2026-05-20,823299,洛杉磯道奇 @ 聖地牙哥教士,8.02,4.0,4.02,4.02
2026-05-20,823462,辛辛那提紅人 @ 費城費城人,9.16,13.0,3.84,-3.84
2026-05-20,823547,多倫多藍鳥 @ 紐約洋基,8.79,3.0,5.79,5.79
2026-05-20,823703,休士頓太空人 @ 明尼蘇達雙城,8.45,5.0,3.45,3.45
2026-05-20,823866,亞特蘭大勇士 @ 邁阿密馬林魚,8.63,10.0,1.37,-1.37
2026-05-20,824032,運動家 @ 洛杉磯天使,9.01,11.0,1.99,-1.99
2026-05-20,824111,波士頓紅襪 @ 堪薩斯市皇家,7.53,7.0,0.53,0.53
2026-05-20,824273,克里夫蘭守護者 @ 底特律老虎,8.25,5.0,3.25,3.25
2026-05-20,824355,德州遊騎兵 @ 科羅拉多洛磯,8.97,9.0,0.03,-0.03
2026-05-20,824678,密爾瓦基釀酒人 @ 芝加哥小熊,8.6,5.0,3.6,3.6
2026-05-20,825084,舊金山巨人 @ 亞利桑那響尾蛇,8.71,9.0,0.29,-0.29
2026-05-21,822733,紐約大都會 @ 華盛頓國民,10.24,3.0,7.24,7.24
2026-05-21,823056,匹茲堡海盜 @ 聖路易紅雀,9.03,8.0,1.03,1.03
2026-05-21,823545,多倫多藍鳥 @ 紐約洋基,8.74,2.0,6.74,6.74
2026-05-21,823864,亞特蘭大勇士 @ 邁阿密馬林魚,8.77,12.0,3.23,-3.23
2026-05-21,824031,運動家 @ 洛杉磯天使,9.05,5.0,4.05,4.05
2026-05-21,824274,克里夫蘭守護者 @ 底特律老虎,8.28,4.0,4.28,4.28
2026-05-21,825083,科羅拉多洛磯 @ 亞利桑那響尾蛇,9.57,3.0,6.57,6.57
2026-05-22,822816,匹茲堡海盜 @ 多倫多藍鳥,8.77,8.0,0.77,0.77
2026-05-22,823223,芝加哥白襪 @ 舊金山巨人,8.55,13.0,4.45,-4.45
2026-05-22,823298,運動家 @ 聖地牙哥教士,8.53,10.0,1.47,-1.47
2026-05-22,823461,克里夫蘭守護者 @ 費城費城人,8.68,1.0,7.68,7.68
2026-05-22,823546,坦帕灣光芒 @ 紐約洋基,8.53,6.0,2.53,2.53
2026-05-22,823788,洛杉磯道奇 @ 密爾瓦基釀酒人,8.38,6.0,2.38,2.38
2026-05-22,823863,紐約大都會 @ 邁阿密馬林魚,9.25,3.0,6.25,6.25
2026-05-22,824029,德州遊騎兵 @ 洛杉磯天使,8.05,15.0,6.95,-6.95
2026-05-22,824110,西雅圖水手 @ 堪薩斯市皇家,7.97,2.0,5.97,5.97
2026-05-22,824679,休士頓太空人 @ 芝加哥小熊,8.21,6.0,2.21,2.21
2026-05-22,824761,明尼蘇達雙城 @ 波士頓紅襪,8.04,14.0,5.96,-5.96
2026-05-22,824842,底特律老虎 @ 巴爾的摩金鶯,8.66,11.0,2.34,-2.34
2026-05-22,824922,華盛頓國民 @ 亞特蘭大勇士,9.54,9.0,0.54,0.54
2026-05-22,825082,科羅拉多洛磯 @ 亞利桑那響尾蛇,9.28,5.0,4.28,4.28
2026-05-23,822814,匹茲堡海盜 @ 多倫多藍鳥,8.77,7.0,1.77,1.77
2026-05-23,823222,芝加哥白襪 @ 舊金山巨人,8.77,13.0,4.23,-4.23
2026-05-23,823300,運動家 @ 聖地牙哥教士,8.55,2.0,6.55,6.55
2026-05-23,823458,克里夫蘭守護者 @ 費城費城人,8.42,3.0,5.42,5.42
2026-05-23,823787,洛杉磯道奇 @ 密爾瓦基釀酒人,8.24,14.0,5.76,-5.76
2026-05-23,823862,紐約大都會 @ 邁阿密馬林魚,9.04,5.0,4.04,4.04
2026-05-23,824030,德州遊騎兵 @ 洛杉磯天使,8.36,7.0,1.36,1.36
2026-05-23,824109,西雅圖水手 @ 堪薩斯市皇家,7.77,5.0,2.77,2.77
2026-05-23,824516,聖路易紅雀 @ 辛辛那提紅人,8.94,13.0,4.06,-4.06
2026-05-23,824518,聖路易紅雀 @ 辛辛那提紅人,9.04,9.0,0.04,0.04
2026-05-23,824674,休士頓太空人 @ 芝加哥小熊,8.0,3.0,5.0,5.0
2026-05-23,824760,明尼蘇達雙城 @ 波士頓紅襪,8.31,6.0,2.31,2.31
2026-05-23,824920,華盛頓國民 @ 亞特蘭大勇士,9.58,2.0,7.58,7.58
2026-05-23,825080,科羅拉多洛磯 @ 亞利桑那響尾蛇,9.09,9.0,0.09,0.09
2026-05-24,822813,匹茲堡海盜 @ 多倫多藍鳥,8.6,5.0,3.6,3.6
2026-05-24,823220,芝加哥白襪 @ 舊金山巨人,9.04,13.0,3.96,-3.96
2026-05-24,823297,運動家 @ 聖地牙哥教士,8.27,7.0,1.27,1.27
2026-05-24,823459,克里夫蘭守護者 @ 費城費城人,8.03,4.0,4.03,4.03
2026-05-24,823544,坦帕灣光芒 @ 紐約洋基,8.55,2.0,6.55,6.55
2026-05-24,823786,洛杉磯道奇 @ 密爾瓦基釀酒人,8.42,6.0,2.42,2.42
2026-05-24,823861,紐約大都會 @ 邁阿密馬林魚,9.01,4.0,5.01,5.01
2026-05-24,824028,德州遊騎兵 @ 洛杉磯天使,8.42,3.0,5.42,5.42
2026-05-24,824108,西雅圖水手 @ 堪薩斯市皇家,7.53,14.0,6.47,-6.47
2026-05-24,824676,休士頓太空人 @ 芝加哥小熊,7.86,13.0,5.14,-5.14
2026-05-24,824759,明尼蘇達雙城 @ 波士頓紅襪,8.23,11.0,2.77,-2.77
2026-05-24,824839,底特律老虎 @ 巴爾的摩金鶯,8.66,8.0,0.66,0.66
2026-05-24,824840,底特律老虎 @ 巴爾的摩金鶯,8.63,5.0,3.63,3.63
2026-05-24,824921,華盛頓國民 @ 亞特蘭大勇士,9.32,3.0,6.32,6.32
2026-05-24,825081,科羅拉多洛磯 @ 亞利桑那響尾蛇,8.99,10.0,1.01,-1.01
2026-05-25,822812,邁阿密馬林魚 @ 多倫多藍鳥,8.41,10.0,1.59,-1.59
2026-05-25,822899,休士頓太空人 @ 德州遊騎兵,7.75,9.0,1.25,-1.25
2026-05-25,823219,亞利桑那響尾蛇 @ 舊金山巨人,8.91,8.0,0.91,0.91
2026-05-25,823296,費城費城人 @ 聖地牙哥教士,7.81,3.0,4.81,4.81
2026-05-25,823380,芝加哥小熊 @ 匹茲堡海盜,8.75,3.0,5.75,5.75
2026-05-25,823625,辛辛那提紅人 @ 紐約大都會,9.3,9.0,0.3,0.3
2026-05-25,823784,聖路易紅雀 @ 密爾瓦基釀酒人,8.0,6.0,2.0,2.0
2026-05-25,823948,科羅拉多洛磯 @ 洛杉磯道奇,9.14,8.0,1.14,1.14
2026-05-25,824107,紐約洋基 @ 堪薩斯市皇家,8.12,7.0,1.12,1.12
2026-05-25,824437,華盛頓國民 @ 克里夫蘭守護者,9.02,12.0,2.98,-2.98
2026-05-25,824598,明尼蘇達雙城 @ 芝加哥白襪,9.1,4.0,5.1,5.1
2026-05-25,824838,坦帕灣光芒 @ 巴爾的摩金鶯,8.69,16.0,7.31,-7.31
2026-05-25,825005,西雅圖水手 @ 運動家,8.4,11.0,2.6,-2.6
2026-05-26,822811,邁阿密馬林魚 @ 多倫多藍鳥,8.59,9.0,0.41,-0.41
2026-05-26,822898,休士頓太空人 @ 德州遊騎兵,7.88,17.0,9.12,-9.12
2026-05-26,823216,亞利桑那響尾蛇 @ 舊金山巨人,8.93,12.0,3.07,-3.07
2026-05-26,823294,費城費城人 @ 聖地牙哥教士,7.65,7.0,0.65,0.65
2026-05-26,823379,芝加哥小熊 @ 匹茲堡海盜,8.27,13.0,4.73,-4.73
2026-05-26,823624,辛辛那提紅人 @ 紐約大都會,9.13,9.0,0.13,0.13
2026-05-26,823785,聖路易紅雀 @ 密爾瓦基釀酒人,7.92,6.0,1.92,1.92
2026-05-26,823949,科羅拉多洛磯 @ 洛杉磯道奇,9.05,21.0,11.95,-11.95
2026-05-26,824106,紐約洋基 @ 堪薩斯市皇家,8.03,16.0,7.97,-7.97
2026-05-26,824275,洛杉磯天使 @ 底特律老虎,8.17,16.0,7.83,-7.83
2026-05-26,824434,華盛頓國民 @ 克里夫蘭守護者,9.19,9.0,0.19,0.19
2026-05-26,824597,明尼蘇達雙城 @ 芝加哥白襪,8.94,8.0,0.94,0.94
2026-05-26,824758,亞特蘭大勇士 @ 波士頓紅襪,7.87,13.0,5.13,-5.13
2026-05-26,824837,坦帕灣光芒 @ 巴爾的摩金鶯,8.93,7.0,1.93,1.93
2026-05-26,825004,西雅圖水手 @ 運動家,8.54,5.0,3.54,3.54
2026-05-27,822809,邁阿密馬林魚 @ 多倫多藍鳥,8.54,3.0,5.54,5.54
2026-05-27,822897,休士頓太空人 @ 德州遊騎兵,8.13,7.0,1.13,1.13
2026-05-27,823217,亞利桑那響尾蛇 @ 舊金山巨人,9.07,5.0,4.07,4.07
2026-05-27,823295,費城費城人 @ 聖地牙哥教士,7.76,3.0,4.76,4.76
2026-05-27,823376,芝加哥小熊 @ 匹茲堡海盜,8.51,14.0,5.49,-5.49
2026-05-27,823626,辛辛那提紅人 @ 紐約大都會,9.3,6.0,3.3,3.3
2026-05-27,823783,聖路易紅雀 @ 密爾瓦基釀酒人,7.94,3.0,4.94,4.94
2026-05-27,823947,科羅拉多洛磯 @ 洛杉磯道奇,9.44,5.0,4.44,4.44
2026-05-27,824104,紐約洋基 @ 堪薩斯市皇家,8.18,7.0,1.18,1.18
2026-05-27,824270,洛杉磯天使 @ 底特律老虎,8.44,4.0,4.44,4.44
2026-05-27,824432,華盛頓國民 @ 克里夫蘭守護者,9.15,5.0,4.15,4.15
2026-05-27,824596,明尼蘇達雙城 @ 芝加哥白襪,8.97,17.0,8.03,-8.03
2026-05-27,824756,亞特蘭大勇士 @ 波士頓紅襪,7.87,8.0,0.13,-0.13
2026-05-27,824836,坦帕灣光芒 @ 巴爾的摩金鶯,8.86,13.0,4.14,-4.14
2026-05-27,825003,西雅圖水手 @ 運動家,8.41,10.0,1.59,-1.59
2026-05-28,822896,休士頓太空人 @ 德州遊騎兵,8.13,6.0,2.13,2.13
2026-05-28,823378,芝加哥小熊 @ 匹茲堡海盜,8.74,9.0,0.26,-0.26
2026-05-28,824272,洛杉磯天使 @ 底特律老虎,8.35,8.0,0.35,0.35
2026-05-28,824595,明尼蘇達雙城 @ 芝加哥白襪,9.16,8.0,1.16,1.16
2026-05-28,824757,亞特蘭大勇士 @ 波士頓紅襪,7.92,12.0,4.08,-4.08
2026-05-28,824834,多倫多藍鳥 @ 巴爾的摩金鶯,8.51,3.0,5.51,5.51
2026-05-29,822732,聖地牙哥教士 @ 華盛頓國民,8.47,12.0,3.53,-3.53
2026-05-29,822894,堪薩斯市皇家 @ 德州遊騎兵,8.01,10.0,1.99,-1.99
2026-05-29,822978,洛杉磯天使 @ 坦帕灣光芒,8.85,13.0,4.15,-4.15
2026-05-29,823055,芝加哥小熊 @ 聖路易紅雀,8.24,11.0,2.76,-2.76
2026-05-29,823135,亞利桑那響尾蛇 @ 西雅圖水手,8.45,13.0,4.55,-4.55
2026-05-29,823377,明尼蘇達雙城 @ 匹茲堡海盜,8.75,11.0,2.25,-2.25
2026-05-29,823623,邁阿密馬林魚 @ 紐約大都會,8.74,16.0,7.26,-7.26
2026-05-29,823946,費城費城人 @ 洛杉磯道奇,8.58,6.0,2.58,2.58
2026-05-29,824191,密爾瓦基釀酒人 @ 休士頓太空人,7.86,9.0,1.14,-1.14
2026-05-29,824353,舊金山巨人 @ 科羅拉多洛磯,9.37,14.0,4.63,-4.63
2026-05-29,824433,波士頓紅襪 @ 克里夫蘭守護者,7.97,7.0,0.97,0.97
2026-05-29,824515,亞特蘭大勇士 @ 辛辛那提紅人,8.82,11.0,2.18,-2.18
2026-05-29,824594,底特律老虎 @ 芝加哥白襪,8.66,7.0,1.66,1.66
2026-05-29,824835,多倫多藍鳥 @ 巴爾的摩金鶯,8.39,11.0,2.61,-2.61
2026-05-29,825002,紐約洋基 @ 運動家,8.56,10.0,1.44,-1.44
2026-05-30,822731,聖地牙哥教士 @ 華盛頓國民,8.55,13.0,4.45,-4.45
2026-05-30,822893,堪薩斯市皇家 @ 德州遊騎兵,8.11,13.0,4.89,-4.89
2026-05-30,822975,洛杉磯天使 @ 坦帕灣光芒,8.99,17.0,8.01,-8.01
2026-05-30,823054,芝加哥小熊 @ 聖路易紅雀,8.26,7.0,1.26,1.26
2026-05-30,823132,亞利桑那響尾蛇 @ 西雅圖水手,8.7,6.0,2.7,2.7
2026-05-30,823375,明尼蘇達雙城 @ 匹茲堡海盜,8.82,19.0,10.18,-10.18
2026-05-30,823622,邁阿密馬林魚 @ 紐約大都會,9.0,7.0,2.0,2.0
2026-05-30,823945,費城費城人 @ 洛杉磯道奇,8.39,7.0,1.39,1.39
2026-05-30,824190,密爾瓦基釀酒人 @ 休士頓太空人,7.83,11.0,3.17,-3.17
2026-05-30,824352,舊金山巨人 @ 科羅拉多洛磯,9.58,11.0,1.42,-1.42
2026-05-30,824431,波士頓紅襪 @ 克里夫蘭守護者,7.77,10.0,2.23,-2.23
2026-05-30,824513,亞特蘭大勇士 @ 辛辛那提紅人,9.02,7.0,2.02,2.02
2026-05-30,824593,底特律老虎 @ 芝加哥白襪,8.67,8.0,0.67,0.67
2026-05-30,824833,多倫多藍鳥 @ 巴爾的摩金鶯,8.58,11.0,2.42,-2.42
2026-05-30,825000,紐約洋基 @ 運動家,8.56,10.0,1.44,-1.44
2026-05-31,822729,聖地牙哥教士 @ 華盛頓國民,8.83,6.0,2.83,2.83
2026-05-31,822895,堪薩斯市皇家 @ 德州遊騎兵,8.2,9.0,0.8,-0.8
2026-05-31,822976,洛杉磯天使 @ 坦帕灣光芒,9.37,7.0,2.37,2.37
2026-05-31,823053,芝加哥小熊 @ 聖路易紅雀,8.23,6.0,2.23,2.23
2026-05-31,823133,亞利桑那響尾蛇 @ 西雅圖水手,8.51,5.0,3.51,3.51
2026-05-31,823373,明尼蘇達雙城 @ 匹茲堡海盜,9.15,12.0,2.85,-2.85
2026-05-31,823621,邁阿密馬林魚 @ 紐約大都會,9.07,11.0,1.93,-1.93
2026-05-31,823944,費城費城人 @ 洛杉磯道奇,8.36,10.0,1.64,-1.64
2026-05-31,824187,密爾瓦基釀酒人 @ 休士頓太空人,7.98,2.0,5.98,5.98
2026-05-31,824354,舊金山巨人 @ 科羅拉多洛磯,9.56,25.0,15.44,-15.44
2026-05-31,824430,波士頓紅襪 @ 克里夫蘭守護者,7.85,13.0,5.15,-5.15
2026-05-31,824512,亞特蘭大勇士 @ 辛辛那提紅人,8.98,10.0,1.02,-1.02
2026-05-31,824592,底特律老虎 @ 芝加哥白襪,8.52,3.0,5.52,5.52
2026-05-31,824832,多倫多藍鳥 @ 巴爾的摩金鶯,8.56,14.0,5.44,-5.44
2026-05-31,825001,紐約洋基 @ 運動家,8.57,21.0,12.43,-12.43
2026-06-01,822730,邁阿密馬林魚 @ 華盛頓國民,9.5,10.0,0.5,-0.5
2026-06-01,822974,底特律老虎 @ 坦帕灣光芒,8.56,19.0,10.44,-10.44
2026-06-01,823050,德州遊騎兵 @ 聖路易紅雀,8.22,3.0,5.22,5.22
2026-06-01,823131,紐約大都會 @ 西雅圖水手,8.63,5.0,3.63,3.63
2026-06-01,823702,芝加哥白襪 @ 明尼蘇達雙城,9.05,15.0,5.95,-5.95
2026-06-01,823781,舊金山巨人 @ 密爾瓦基釀酒人,8.87,18.0,9.13,-9.13
2026-06-01,824027,科羅拉多洛磯 @ 洛杉磯天使,9.58,17.0,7.42,-7.42
2026-06-01,824510,堪薩斯市皇家 @ 辛辛那提紅人,8.82,11.0,2.18,-2.18
2026-06-01,825078,洛杉磯道奇 @ 亞利桑那響尾蛇,9.03,5.0,4.03,4.03
2026-06-02,822728,邁阿密馬林魚 @ 華盛頓國民,9.59,10.0,0.41,-0.41
2026-06-02,822971,底特律老虎 @ 坦帕灣光芒,8.82,8.0,0.82,0.82
2026-06-02,823052,德州遊騎兵 @ 聖路易紅雀,8.16,11.0,2.84,-2.84
2026-06-02,823129,紐約大都會 @ 西雅圖水手,8.65,11.0,2.35,-2.35
2026-06-02,823460,聖地牙哥教士 @ 費城費城人,7.47,5.0,2.47,2.47
2026-06-02,823541,克里夫蘭守護者 @ 紐約洋基,8.41,13.0,4.59,-4.59
2026-06-02,823700,芝加哥白襪 @ 明尼蘇達雙城,9.32,10.0,0.68,-0.68
2026-06-02,823782,舊金山巨人 @ 密爾瓦基釀酒人,9.12,11.0,1.88,-1.88
2026-06-02,824026,科羅拉多洛磯 @ 洛杉磯天使,9.9,10.0,0.1,-0.1
2026-06-02,824189,匹茲堡海盜 @ 休士頓太空人,8.67,16.0,7.33,-7.33
2026-06-02,824511,堪薩斯市皇家 @ 辛辛那提紅人,8.92,7.0,1.92,1.92
2026-06-02,824675,運動家 @ 芝加哥小熊,8.85,3.0,5.85,5.85
2026-06-02,824754,巴爾的摩金鶯 @ 波士頓紅襪,8.72,6.0,2.72,2.72
2026-06-02,824918,多倫多藍鳥 @ 亞特蘭大勇士,8.32,7.0,1.32,1.32
2026-06-02,825079,洛杉磯道奇 @ 亞利桑那響尾蛇,8.96,11.0,2.04,-2.04
2026-06-03,822727,邁阿密馬林魚 @ 華盛頓國民,9.64,5.0,4.64,4.64
2026-06-03,822973,底特律老虎 @ 坦帕灣光芒,8.86,9.0,0.14,-0.14
2026-06-03,823051,德州遊騎兵 @ 聖路易紅雀,8.39,8.0,0.39,0.39
2026-06-03,823130,紐約大都會 @ 西雅圖水手,8.73,8.0,0.73,0.73
2026-06-03,823456,聖地牙哥教士 @ 費城費城人,7.33,5.0,2.33,2.33
2026-06-03,823540,克里夫蘭守護者 @ 紐約洋基,8.57,9.0,0.43,-0.43
2026-06-03,823701,芝加哥白襪 @ 明尼蘇達雙城,9.41,8.0,1.41,1.41
2026-06-03,823780,舊金山巨人 @ 密爾瓦基釀酒人,9.16,1.0,8.16,8.16
2026-06-03,824024,科羅拉多洛磯 @ 洛杉磯天使,10.02,15.0,4.98,-4.98
2026-06-03,824188,匹茲堡海盜 @ 休士頓太空人,8.91,20.0,11.09,-11.09
2026-06-03,824509,堪薩斯市皇家 @ 辛辛那提紅人,8.94,7.0,1.94,1.94
2026-06-03,824671,運動家 @ 芝加哥小熊,8.85,9.0,0.15,-0.15
2026-06-03,824755,巴爾的摩金鶯 @ 波士頓紅襪,8.82,9.0,0.18,-0.18
2026-06-03,824917,多倫多藍鳥 @ 亞特蘭大勇士,8.2,10.0,1.8,-1.8
2026-06-03,825077,洛杉磯道奇 @ 亞利桑那響尾蛇,9.1,7.0,2.1,2.1
2026-06-04,823457,聖地牙哥教士 @ 費城費城人,7.3,10.0,2.7,-2.7
2026-06-04,823542,克里夫蘭守護者 @ 紐約洋基,8.59,3.0,5.59,5.59
2026-06-04,823698,堪薩斯市皇家 @ 明尼蘇達雙城,8.66,14.0,5.34,-5.34
2026-06-04,823779,舊金山巨人 @ 密爾瓦基釀酒人,8.9,21.0,12.1,-12.1
2026-06-04,824185,匹茲堡海盜 @ 休士頓太空人,9.29,6.0,3.29,3.29
2026-06-04,824672,運動家 @ 芝加哥小熊,8.87,13.0,4.13,-4.13
2026-06-04,824753,巴爾的摩金鶯 @ 波士頓紅襪,8.94,10.0,1.06,-1.06
2026-06-04,824919,多倫多藍鳥 @ 亞特蘭大勇士,8.2,9.0,0.8,-0.8
2026-06-04,825076,洛杉磯道奇 @ 亞利桑那響尾蛇,9.03,5.0,4.03,4.03
2026-06-05,822810,巴爾的摩金鶯 @ 多倫多藍鳥,8.8,16.0,7.2,-7.2
2026-06-05,822892,克里夫蘭守護者 @ 德州遊騎兵,8.32,5.0,3.32,3.32
2026-06-05,823049,辛辛那提紅人 @ 聖路易紅雀,8.92,13.0,4.08,-4.08
2026-06-05,823293,紐約大都會 @ 聖地牙哥教士,8.31,5.0,3.31,3.31
2026-06-05,823455,芝加哥白襪 @ 費城費城人,8.41,14.0,5.59,-5.59
2026-06-05,823538,波士頓紅襪 @ 紐約洋基,8.8,8.0,0.8,0.8
2026-06-05,823699,堪薩斯市皇家 @ 明尼蘇達雙城,8.76,8.0,0.76,0.76
2026-06-05,823860,坦帕灣光芒 @ 邁阿密馬林魚,9.45,6.0,3.45,3.45
2026-06-05,823943,洛杉磯天使 @ 洛杉磯道奇,9.4,1.0,8.4,8.4
2026-06-05,824186,運動家 @ 休士頓太空人,8.9,6.0,2.9,2.9
2026-06-05,824271,西雅圖水手 @ 底特律老虎,8.1,10.0,1.9,-1.9
2026-06-05,824350,密爾瓦基釀酒人 @ 科羅拉多洛磯,9.51,16.0,6.49,-6.49
2026-06-05,824673,舊金山巨人 @ 芝加哥小熊,9.59,21.0,11.41,-11.41
2026-06-05,824914,匹茲堡海盜 @ 亞特蘭大勇士,9.16,9.0,0.16,0.16
2026-06-05,825073,華盛頓國民 @ 亞利桑那響尾蛇,9.31,15.0,5.69,-5.69
2026-06-06,822808,巴爾的摩金鶯 @ 多倫多藍鳥,9.1,10.0,0.9,-0.9
2026-06-06,822891,克里夫蘭守護者 @ 德州遊騎兵,8.21,6.0,2.21,2.21
2026-06-06,823048,辛辛那提紅人 @ 聖路易紅雀,8.96,11.0,2.04,-2.04
2026-06-06,823292,紐約大都會 @ 聖地牙哥教士,8.19,5.0,3.19,3.19
2026-06-06,823454,芝加哥白襪 @ 費城費城人,8.66,9.0,0.34,-0.34
2026-06-06,823697,堪薩斯市皇家 @ 明尼蘇達雙城,8.81,5.0,3.81,3.81
2026-06-06,823859,坦帕灣光芒 @ 邁阿密馬林魚,9.29,7.0,2.29,2.29
2026-06-06,823942,洛杉磯天使 @ 洛杉磯道奇,9.23,11.0,1.77,-1.77
2026-06-06,824184,運動家 @ 休士頓太空人,8.79,15.0,6.21,-6.21
2026-06-06,824269,西雅圖水手 @ 底特律老虎,8.11,4.0,4.11,4.11
2026-06-06,824351,密爾瓦基釀酒人 @ 科羅拉多洛磯,9.74,8.0,1.74,1.74
2026-06-06,824669,舊金山巨人 @ 芝加哥小熊,10.1,5.0,5.1,5.1
2026-06-06,824915,匹茲堡海盜 @ 亞特蘭大勇士,9.27,9.0,0.27,0.27
2026-06-06,825075,華盛頓國民 @ 亞利桑那響尾蛇,9.38,7.0,2.38,2.38
2026-06-07,822807,巴爾的摩金鶯 @ 多倫多藍鳥,9.28,10.0,0.72,-0.72
2026-06-07,822890,克里夫蘭守護者 @ 德州遊騎兵,8.16,10.0,1.84,-1.84
2026-06-07,823047,辛辛那提紅人 @ 聖路易紅雀,8.96,8.0,0.96,0.96
2026-06-07,823291,紐約大都會 @ 聖地牙哥教士,8.13,10.0,1.87,-1.87
2026-06-07,823453,芝加哥白襪 @ 費城費城人,8.65,14.0,5.35,-5.35
2026-06-07,823537,波士頓紅襪 @ 紐約洋基,8.85,7.0,1.85,1.85
2026-06-07,823696,堪薩斯市皇家 @ 明尼蘇達雙城,8.78,11.0,2.22,-2.22
2026-06-07,823857,坦帕灣光芒 @ 邁阿密馬林魚,9.18,5.0,4.18,4.18
2026-06-07,823941,洛杉磯天使 @ 洛杉磯道奇,9.38,18.0,8.62,-8.62
2026-06-07,824183,運動家 @ 休士頓太空人,9.1,5.0,4.1,4.1
2026-06-07,824268,西雅圖水手 @ 底特律老虎,7.98,9.0,1.02,-1.02
2026-06-07,824349,密爾瓦基釀酒人 @ 科羅拉多洛磯,9.76,16.0,6.24,-6.24
2026-06-07,824670,舊金山巨人 @ 芝加哥小熊,9.91,3.0,6.91,6.91
2026-06-07,824916,匹茲堡海盜 @ 亞特蘭大勇士,9.16,5.0,4.16,4.16
2026-06-07,825074,華盛頓國民 @ 亞利桑那響尾蛇,9.43,6.0,3.43,3.43
2026-06-08,822806,費城費城人 @ 多倫多藍鳥,8.22,7.0,1.22,1.22
2026-06-08,822972,波士頓紅襪 @ 坦帕灣光芒,9.07,4.0,5.07,5.07
2026-06-08,823218,華盛頓國民 @ 舊金山巨人,9.98,7.0,2.98,2.98
2026-06-08,823289,辛辛那提紅人 @ 聖地牙哥教士,8.38,8.0,0.38,0.38
2026-06-08,824025,休士頓太空人 @ 洛杉磯天使,9.39,9.0,0.39,0.39
2026-06-08,824427,紐約洋基 @ 克里夫蘭守護者,8.38,12.0,3.62,-3.62
2026-06-08,824829,西雅圖水手 @ 巴爾的摩金鶯,9.03,9.0,0.03,0.03
2026-06-08,824998,密爾瓦基釀酒人 @ 運動家,9.27,29.0,19.73,-19.73
2026-06-09,822805,費城費城人 @ 多倫多藍鳥,8.14,5.0,3.14,3.14
2026-06-09,822969,波士頓紅襪 @ 坦帕灣光芒,8.97,7.0,1.97,1.97
2026-06-09,823214,華盛頓國民 @ 舊金山巨人,9.86,9.0,0.86,0.86
2026-06-09,823290,辛辛那提紅人 @ 聖地牙哥教士,8.25,8.0,0.25,0.25
2026-06-09,823374,洛杉磯道奇 @ 匹茲堡海盜,9.14,15.0,5.86,-5.86
2026-06-09,823620,聖路易紅雀 @ 紐約大都會,8.68,7.0,1.68,1.68
2026-06-09,823858,亞利桑那響尾蛇 @ 邁阿密馬林魚,8.71,16.0,7.29,-7.29
2026-06-09,824023,休士頓太空人 @ 洛杉磯天使,9.4,11.0,1.6,-1.6
2026-06-09,824105,德州遊騎兵 @ 堪薩斯市皇家,8.5,8.0,0.5,0.5
2026-06-09,824267,明尼蘇達雙城 @ 底特律老虎,8.85,14.0,5.15,-5.15
2026-06-09,824347,芝加哥小熊 @ 科羅拉多洛磯,9.88,10.0,0.12,-0.12
2026-06-09,824429,紐約洋基 @ 克里夫蘭守護者,8.43,5.0,3.43,3.43
2026-06-09,824591,亞特蘭大勇士 @ 芝加哥白襪,9.15,11.0,1.85,-1.85
2026-06-09,824830,西雅圖水手 @ 巴爾的摩金鶯,8.99,11.0,2.01,-2.01
2026-06-09,824999,密爾瓦基釀酒人 @ 運動家,9.89,12.0,2.11,-2.11
2026-06-10,822804,費城費城人 @ 多倫多藍鳥,8.05,11.0,2.95,-2.95
2026-06-10,822970,波士頓紅襪 @ 坦帕灣光芒,8.89,12.0,3.11,-3.11
2026-06-10,823215,華盛頓國民 @ 舊金山巨人,9.61,21.0,11.39,-11.39
2026-06-10,823287,辛辛那提紅人 @ 聖地牙哥教士,8.16,9.0,0.84,-0.84
2026-06-10,823372,洛杉磯道奇 @ 匹茲堡海盜,9.33,17.0,7.67,-7.67
2026-06-10,823618,聖路易紅雀 @ 紐約大都會,8.56,11.0,2.44,-2.44
2026-06-10,823856,亞利桑那響尾蛇 @ 邁阿密馬林魚,8.84,8.0,0.84,0.84
2026-06-10,824022,休士頓太空人 @ 洛杉磯天使,9.56,5.0,4.56,4.56
2026-06-10,824103,德州遊騎兵 @ 堪薩斯市皇家,8.57,10.0,1.43,-1.43
2026-06-10,824266,明尼蘇達雙城 @ 底特律老虎,9.06,10.0,0.94,-0.94
2026-06-10,824348,芝加哥小熊 @ 科羅拉多洛磯,9.72,5.0,4.72,4.72
2026-06-10,824428,紐約洋基 @ 克里夫蘭守護者,8.29,12.0,3.71,-3.71
2026-06-10,824590,亞特蘭大勇士 @ 芝加哥白襪,9.08,3.0,6.08,6.08
2026-06-10,824831,西雅圖水手 @ 巴爾的摩金鶯,8.85,9.0,0.15,-0.15
2026-06-10,824996,密爾瓦基釀酒人 @ 運動家,10.02,7.0,3.02,3.02
2026-06-11,823371,洛杉磯道奇 @ 匹茲堡海盜,9.62,14.0,4.38,-4.38
2026-06-11,823619,聖路易紅雀 @ 紐約大都會,8.44,9.0,0.56,-0.56
2026-06-11,823855,亞利桑那響尾蛇 @ 邁阿密馬林魚,8.76,2.0,6.76,6.76
2026-06-11,824101,德州遊騎兵 @ 堪薩斯市皇家,8.62,6.0,2.62,2.62
2026-06-11,824265,明尼蘇達雙城 @ 底特律老虎,9.18,11.0,1.82,-1.82
2026-06-11,824346,芝加哥小熊 @ 科羅拉多洛磯,9.5,12.0,2.5,-2.5
2026-06-11,824827,西雅圖水手 @ 巴爾的摩金鶯,8.93,12.0,3.07,-3.07
2026-06-12,822726,西雅圖水手 @ 華盛頓國民,8.8,12.0,3.2,-3.2
2026-06-12,822803,紐約洋基 @ 多倫多藍鳥,8.84,13.0,4.16,-4.16
2026-06-12,823211,芝加哥小熊 @ 舊金山巨人,9.63,6.0,3.63,3.63
2026-06-12,823370,邁阿密馬林魚 @ 匹茲堡海盜,9.17,11.0,1.83,-1.83
2026-06-12,823617,亞特蘭大勇士 @ 紐約大都會,8.47,12.0,3.53,-3.53
2026-06-12,823695,聖路易紅雀 @ 明尼蘇達雙城,9.34,17.0,7.66,-7.66
2026-06-12,823778,費城費城人 @ 密爾瓦基釀酒人,8.85,6.0,2.85,2.85
2026-06-12,824020,坦帕灣光芒 @ 洛杉磯天使,9.44,7.0,2.44,2.44
2026-06-12,824102,休士頓太空人 @ 堪薩斯市皇家,8.76,18.0,9.24,-9.24
2026-06-12,824425,底特律老虎 @ 克里夫蘭守護者,8.13,5.0,3.13,3.13
2026-06-12,824507,亞利桑那響尾蛇 @ 辛辛那提紅人,8.77,7.0,1.77,1.77
2026-06-12,824588,洛杉磯道奇 @ 芝加哥白襪,9.38,10.0,0.62,-0.62
2026-06-12,824752,德州遊騎兵 @ 波士頓紅襪,8.68,11.0,2.32,-2.32
2026-06-12,824826,聖地牙哥教士 @ 巴爾的摩金鶯,8.67,10.0,1.33,-1.33
2026-06-12,824997,科羅拉多洛磯 @ 運動家,10.18,10.0,0.18,0.18
2026-06-13,822725,西雅圖水手 @ 華盛頓國民,8.84,11.0,2.16,-2.16
2026-06-13,822802,紐約洋基 @ 多倫多藍鳥,9.0,4.0,5.0,5.0
2026-06-13,823213,芝加哥小熊 @ 舊金山巨人,9.61,7.0,2.61,2.61
2026-06-13,823369,邁阿密馬林魚 @ 匹茲堡海盜,9.24,5.0,4.24,4.24
2026-06-13,823616,亞特蘭大勇士 @ 紐約大都會,8.47,4.0,4.47,4.47
2026-06-13,823694,聖路易紅雀 @ 明尼蘇達雙城,9.42,15.0,5.58,-5.58
2026-06-13,823776,費城費城人 @ 密爾瓦基釀酒人,8.88,17.0,8.12,-8.12
2026-06-13,824019,坦帕灣光芒 @ 洛杉磯天使,9.14,8.0,1.14,1.14
2026-06-13,824100,休士頓太空人 @ 堪薩斯市皇家,9.13,15.0,5.87,-5.87
2026-06-13,824426,底特律老虎 @ 克里夫蘭守護者,8.13,4.0,4.13,4.13
2026-06-13,824508,亞利桑那響尾蛇 @ 辛辛那提紅人,8.79,3.0,5.79,5.79
2026-06-13,824587,洛杉磯道奇 @ 芝加哥白襪,9.57,8.0,1.57,1.57
2026-06-13,824749,德州遊騎兵 @ 波士頓紅襪,8.82,9.0,0.18,-0.18
2026-06-13,824828,聖地牙哥教士 @ 巴爾的摩金鶯,8.67,12.0,3.33,-3.33
2026-06-13,824995,科羅拉多洛磯 @ 運動家,10.18,12.0,1.82,-1.82
2026-06-14,822722,西雅圖水手 @ 華盛頓國民,9.1,11.0,1.9,-1.9
2026-06-14,822801,紐約洋基 @ 多倫多藍鳥,8.85,11.0,2.15,-2.15
2026-06-14,823212,芝加哥小熊 @ 舊金山巨人,9.55,6.0,3.55,3.55
2026-06-14,823368,邁阿密馬林魚 @ 匹茲堡海盜,9.1,6.0,3.1,3.1
2026-06-14,823615,亞特蘭大勇士 @ 紐約大都會,8.38,9.0,0.62,-0.62
2026-06-14,823693,聖路易紅雀 @ 明尼蘇達雙城,9.69,9.0,0.69,0.69
2026-06-14,823777,費城費城人 @ 密爾瓦基釀酒人,9.11,4.0,5.11,5.11
2026-06-14,824021,坦帕灣光芒 @ 洛杉磯天使,9.23,11.0,1.77,-1.77
2026-06-14,824099,休士頓太空人 @ 堪薩斯市皇家,9.47,4.0,5.47,5.47
2026-06-14,824506,亞利桑那響尾蛇 @ 辛辛那提紅人,8.72,8.0,0.72,0.72
2026-06-14,824586,洛杉磯道奇 @ 芝加哥白襪,9.59,10.0,0.41,-0.41
2026-06-14,824751,德州遊騎兵 @ 波士頓紅襪,8.74,10.0,1.26,-1.26
2026-06-14,824823,聖地牙哥教士 @ 巴爾的摩金鶯,8.85,7.0,1.85,1.85
2026-06-14,824994,科羅拉多洛磯 @ 運動家,10.42,32.0,21.58,-21.58
2026-06-15,822724,堪薩斯市皇家 @ 華盛頓國民,9.36,10.0,0.64,-0.64
2026-06-15,822887,明尼蘇達雙城 @ 德州遊騎兵,9.37,6.0,3.37,3.37
2026-06-15,823046,聖地牙哥教士 @ 聖路易紅雀,8.39,3.0,5.39,5.39
2026-06-15,823452,邁阿密馬林魚 @ 費城費城人,8.2,7.0,1.2,1.2
2026-06-15,823938,坦帕灣光芒 @ 洛杉磯道奇,9.24,7.0,2.24,2.24
2026-06-15,824181,底特律老虎 @ 休士頓太空人,9.14,12.0,2.86,-2.86
2026-06-15,824505,紐約大都會 @ 辛辛那提紅人,8.55,12.0,3.45,-3.45
2026-06-15,824666,科羅拉多洛磯 @ 芝加哥小熊,10.3,9.0,1.3,1.3
2026-06-15,824993,匹茲堡海盜 @ 運動家,10.24,13.0,2.76,-2.76
2026-06-15,825071,洛杉磯天使 @ 亞利桑那響尾蛇,9.14,7.0,2.14,2.14
2026-06-16,822723,堪薩斯市皇家 @ 華盛頓國民,9.42,10.0,0.58,-0.58
2026-06-16,822888,明尼蘇達雙城 @ 德州遊騎兵,9.45,14.0,4.55,-4.55
2026-06-16,823045,聖地牙哥教士 @ 聖路易紅雀,8.25,5.0,3.25,3.25
2026-06-16,823128,巴爾的摩金鶯 @ 西雅圖水手,9.47,4.0,5.47,5.47
2026-06-16,823451,邁阿密馬林魚 @ 費城費城人,8.28,10.0,1.72,-1.72
2026-06-16,823535,芝加哥白襪 @ 紐約洋基,9.2,14.0,4.8,-4.8
2026-06-16,823775,克里夫蘭守護者 @ 密爾瓦基釀酒人,8.8,3.0,5.8,5.8
2026-06-16,823939,坦帕灣光芒 @ 洛杉磯道奇,9.26,1.0,8.26,8.26
2026-06-16,824182,底特律老虎 @ 休士頓太空人,9.14,6.0,3.14,3.14
2026-06-16,824504,紐約大都會 @ 辛辛那提紅人,8.64,8.0,0.64,0.64
2026-06-16,824667,科羅拉多洛磯 @ 芝加哥小熊,10.25,7.0,3.25,3.25
2026-06-16,824750,多倫多藍鳥 @ 波士頓紅襪,9.05,7.0,2.05,2.05
2026-06-16,824912,舊金山巨人 @ 亞特蘭大勇士,9.25,9.0,0.25,0.25
2026-06-16,824991,匹茲堡海盜 @ 運動家,10.53,11.0,0.47,-0.47
2026-06-16,825070,洛杉磯天使 @ 亞利桑那響尾蛇,9.08,7.0,2.08,2.08
2026-06-17,822721,堪薩斯市皇家 @ 華盛頓國民,9.57,8.0,1.57,1.57
2026-06-17,823044,聖地牙哥教士 @ 聖路易紅雀,8.15,7.0,1.15,1.15
2026-06-17,823127,巴爾的摩金鶯 @ 西雅圖水手,9.14,8.0,1.14,1.14
2026-06-17,823450,邁阿密馬林魚 @ 費城費城人,8.45,16.0,7.55,-7.55
2026-06-17,823536,芝加哥白襪 @ 紐約洋基,9.41,15.0,5.59,-5.59
2026-06-17,823774,克里夫蘭守護者 @ 密爾瓦基釀酒人,8.78,13.0,4.22,-4.22
2026-06-17,823940,坦帕灣光芒 @ 洛杉磯道奇,9.13,9.0,0.13,0.13
2026-06-17,824178,底特律老虎 @ 休士頓太空人,9.05,6.0,3.05,3.05
2026-06-17,824503,紐約大都會 @ 辛辛那提紅人,8.71,10.0,1.29,-1.29
2026-06-17,824668,科羅拉多洛磯 @ 芝加哥小熊,10.27,14.0,3.73,-3.73
2026-06-17,824746,多倫多藍鳥 @ 波士頓紅襪,8.98,3.0,5.98,5.98
2026-06-17,824912,舊金山巨人 @ 亞特蘭大勇士,9.18,9.0,0.18,0.18
2026-06-17,824913,舊金山巨人 @ 亞特蘭大勇士,9.31,12.0,2.69,-2.69
2026-06-17,824992,匹茲堡海盜 @ 運動家,10.7,16.0,5.3,-5.3
2026-06-17,825072,洛杉磯天使 @ 亞利桑那響尾蛇,9.11,9.0,0.11,0.11
2026-06-18,822889,明尼蘇達雙城 @ 德州遊騎兵,9.63,12.0,2.37,-2.37
2026-06-18,823125,巴爾的摩金鶯 @ 西雅圖水手,9.09,3.0,6.09,6.09
2026-06-18,823448,紐約大都會 @ 費城費城人,8.81,10.0,1.19,-1.19
2026-06-18,823533,芝加哥白襪 @ 紐約洋基,9.59,6.0,3.59,3.59
2026-06-18,823772,克里夫蘭守護者 @ 密爾瓦基釀酒人,9.04,6.0,3.04,3.04
2026-06-18,824098,聖路易紅雀 @ 堪薩斯市皇家,8.83,20.0,11.17,-11.17
2026-06-18,824748,多倫多藍鳥 @ 波士頓紅襪,8.84,7.0,1.84,1.84
2026-06-18,824989,洛杉磯天使 @ 運動家,10.37,5.0,5.37,5.37
2026-06-19,822886,聖地牙哥教士 @ 德州遊騎兵,8.17,16.0,7.83,-7.83
2026-06-19,822966,華盛頓國民 @ 坦帕灣光芒,9.15,7.0,2.15,2.15
2026-06-19,823124,波士頓紅襪 @ 西雅圖水手,8.65,8.0,0.65,0.65
2026-06-19,823534,辛辛那提紅人 @ 紐約洋基,9.29,5.0,4.29,4.29
2026-06-19,823853,舊金山巨人 @ 邁阿密馬林魚,9.42,7.0,2.42,2.42
2026-06-19,823936,巴爾的摩金鶯 @ 洛杉磯道奇,9.18,11.0,1.82,-1.82
2026-06-19,824097,聖路易紅雀 @ 堪薩斯市皇家,9.27,11.0,1.73,-1.73
2026-06-19,824179,克里夫蘭守護者 @ 休士頓太空人,8.59,12.0,3.41,-3.41
2026-06-19,824264,芝加哥白襪 @ 底特律老虎,9.01,7.0,2.01,2.01
2026-06-19,824345,匹茲堡海盜 @ 科羅拉多洛磯,11.19,7.0,4.19,4.19
2026-06-19,824663,多倫多藍鳥 @ 芝加哥小熊,8.78,18.0,9.22,-9.22
2026-06-19,824910,密爾瓦基釀酒人 @ 亞特蘭大勇士,9.44,5.0,4.44,4.44
2026-06-19,824990,洛杉磯天使 @ 運動家,10.39,23.0,12.61,-12.61
2026-06-19,825069,明尼蘇達雙城 @ 亞利桑那響尾蛇,9.44,14.0,4.56,-4.56
2026-06-20,822885,聖地牙哥教士 @ 德州遊騎兵,8.45,10.0,1.55,-1.55
2026-06-20,822967,華盛頓國民 @ 坦帕灣光芒,9.12,7.0,2.12,2.12
2026-06-20,823126,波士頓紅襪 @ 西雅圖水手,8.54,6.0,2.54,2.54
2026-06-20,823447,紐約大都會 @ 費城費城人,8.87,18.0,9.13,-9.13
2026-06-20,823532,辛辛那提紅人 @ 紐約洋基,9.19,12.0,2.81,-2.81
2026-06-20,823854,舊金山巨人 @ 邁阿密馬林魚,9.43,9.0,0.43,0.43
2026-06-20,823937,巴爾的摩金鶯 @ 洛杉磯道奇,9.39,5.0,4.39,4.39
2026-06-20,824180,克里夫蘭守護者 @ 休士頓太空人,8.68,9.0,0.32,-0.32
2026-06-20,824263,芝加哥白襪 @ 底特律老虎,8.86,5.0,3.86,3.86
2026-06-20,824342,匹茲堡海盜 @ 科羅拉多洛磯,10.9,3.0,7.9,7.9
2026-06-20,824665,多倫多藍鳥 @ 芝加哥小熊,9.07,14.0,4.93,-4.93
2026-06-20,824909,密爾瓦基釀酒人 @ 亞特蘭大勇士,9.35,7.0,2.35,2.35
2026-06-20,824988,洛杉磯天使 @ 運動家,10.83,7.0,3.83,3.83
2026-06-20,825068,明尼蘇達雙城 @ 亞利桑那響尾蛇,9.67,24.0,14.33,-14.33
2026-06-21,822883,聖地牙哥教士 @ 德州遊騎兵,8.62,7.0,1.62,1.62
2026-06-21,822968,華盛頓國民 @ 坦帕灣光芒,9.07,7.0,2.07,2.07
2026-06-21,823123,波士頓紅襪 @ 西雅圖水手,8.38,4.0,4.38,4.38
2026-06-21,823449,紐約大都會 @ 費城費城人,9.28,8.0,1.28,1.28
2026-06-21,823531,辛辛那提紅人 @ 紐約洋基,9.2,5.0,4.2,4.2
2026-06-21,823852,舊金山巨人 @ 邁阿密馬林魚,9.45,3.0,6.45,6.45
2026-06-21,823934,巴爾的摩金鶯 @ 洛杉磯道奇,9.28,13.0,3.72,-3.72
2026-06-21,824095,聖路易紅雀 @ 堪薩斯市皇家,9.42,22.0,12.58,-12.58
2026-06-21,824177,克里夫蘭守護者 @ 休士頓太空人,8.72,3.0,5.72,5.72
2026-06-21,824260,芝加哥白襪 @ 底特律老虎,8.67,9.0,0.33,-0.33
2026-06-21,824343,匹茲堡海盜 @ 科羅拉多洛磯,10.79,14.0,3.21,-3.21
2026-06-21,824908,密爾瓦基釀酒人 @ 亞特蘭大勇士,9.31,13.0,3.69,-3.69
2026-06-21,824987,洛杉磯天使 @ 運動家,10.7,16.0,5.3,-5.3
2026-06-21,825067,明尼蘇達雙城 @ 亞利桑那響尾蛇,10.05,6.0,4.05,4.05
2026-06-22,822720,費城費城人 @ 華盛頓國民,9.49,5.0,4.49,4.49
2026-06-22,822800,休士頓太空人 @ 多倫多藍鳥,9.33,6.0,3.33,3.33
2026-06-22,822964,堪薩斯市皇家 @ 坦帕灣光芒,9.02,3.0,6.02,6.02
2026-06-22,823040,亞利桑那響尾蛇 @ 聖路易紅雀,9.32,5.0,4.32,4.32
2026-06-22,823288,亞特蘭大勇士 @ 聖地牙哥教士,8.35,1.0,7.35,7.35
2026-06-22,823692,洛杉磯道奇 @ 明尼蘇達雙城,10.07,3.0,7.07,7.07
2026-06-22,823851,德州遊騎兵 @ 邁阿密馬林魚,8.65,7.0,1.65,1.65
2026-06-22,824016,巴爾的摩金鶯 @ 洛杉磯天使,9.59,7.0,2.59,2.59
2026-06-22,824261,紐約洋基 @ 底特律老虎,9.05,8.0,1.05,1.05
2026-06-22,824344,波士頓紅襪 @ 科羅拉多洛磯,9.91,5.0,4.91,4.91
2026-06-22,824502,密爾瓦基釀酒人 @ 辛辛那提紅人,9.34,3.0,6.34,6.34
2026-06-22,824585,克里夫蘭守護者 @ 芝加哥白襪,8.47,11.0,2.53,-2.53
2026-06-23,822718,費城費城人 @ 華盛頓國民,9.33,23.0,13.67,-13.67
2026-06-23,822799,休士頓太空人 @ 多倫多藍鳥,9.16,16.0,6.84,-6.84
2026-06-23,822963,堪薩斯市皇家 @ 坦帕灣光芒,8.73,17.0,8.27,-8.27
2026-06-23,823043,亞利桑那響尾蛇 @ 聖路易紅雀,9.29,7.0,2.29,2.29
2026-06-23,823210,運動家 @ 舊金山巨人,10.77,4.0,6.77,6.77
2026-06-23,823286,亞特蘭大勇士 @ 聖地牙哥教士,8.02,13.0,4.98,-4.98
2026-06-23,823365,西雅圖水手 @ 匹茲堡海盜,9.16,5.0,4.16,4.16
2026-06-23,823614,芝加哥小熊 @ 紐約大都會,9.07,15.0,5.93,-5.93
2026-06-23,823690,洛杉磯道奇 @ 明尼蘇達雙城,9.82,15.0,5.18,-5.18
2026-06-23,823849,德州遊騎兵 @ 邁阿密馬林魚,8.56,10.0,1.44,-1.44
2026-06-23,824017,巴爾的摩金鶯 @ 洛杉磯天使,9.49,6.0,3.49,3.49
2026-06-23,824262,紐約洋基 @ 底特律老虎,9.03,7.0,2.03,2.03
2026-06-23,824340,波士頓紅襪 @ 科羅拉多洛磯,9.78,7.0,2.78,2.78
2026-06-23,824501,密爾瓦基釀酒人 @ 辛辛那提紅人,9.29,2.0,7.29,7.29
2026-06-23,824584,克里夫蘭守護者 @ 芝加哥白襪,8.59,3.0,5.59,5.59
2026-06-24,822719,費城費城人 @ 華盛頓國民,9.8,9.0,0.8,0.8
2026-06-24,822798,休士頓太空人 @ 多倫多藍鳥,9.46,4.0,5.46,5.46
2026-06-24,822965,堪薩斯市皇家 @ 坦帕灣光芒,8.97,8.0,0.97,0.97
2026-06-24,823041,亞利桑那響尾蛇 @ 聖路易紅雀,9.33,13.0,3.67,-3.67
2026-06-24,823208,運動家 @ 舊金山巨人,10.18,3.0,7.18,7.18
2026-06-24,823284,亞特蘭大勇士 @ 聖地牙哥教士,8.21,7.0,1.21,1.21
2026-06-24,823367,西雅圖水手 @ 匹茲堡海盜,8.94,12.0,3.06,-3.06
2026-06-24,823611,芝加哥小熊 @ 紐約大都會,9.25,15.0,5.75,-5.75
2026-06-24,823613,芝加哥小熊 @ 紐約大都會,9.42,13.0,3.58,-3.58
2026-06-24,823691,洛杉磯道奇 @ 明尼蘇達雙城,9.98,7.0,2.98,2.98
2026-06-24,823850,德州遊騎兵 @ 邁阿密馬林魚,8.57,6.0,2.57,2.57
2026-06-24,824018,巴爾的摩金鶯 @ 洛杉磯天使,9.32,13.0,3.68,-3.68
2026-06-24,824259,紐約洋基 @ 底特律老虎,8.98,6.0,2.98,2.98
2026-06-24,824341,波士頓紅襪 @ 科羅拉多洛磯,9.47,14.0,4.53,-4.53
2026-06-24,824500,密爾瓦基釀酒人 @ 辛辛那提紅人,8.9,11.0,2.1,-2.1
2026-06-24,824583,克里夫蘭守護者 @ 芝加哥白襪,8.4,7.0,1.4,1.4
2026-06-25,822717,費城費城人 @ 華盛頓國民,9.85,15.0,5.15,-5.15
2026-06-25,822797,德州遊騎兵 @ 多倫多藍鳥,8.94,11.0,2.06,-2.06
2026-06-25,822961,堪薩斯市皇家 @ 坦帕灣光芒,8.82,15.0,6.18,-6.18
2026-06-25,823209,運動家 @ 舊金山巨人,9.96,15.0,5.04,-5.04
2026-06-25,823366,西雅圖水手 @ 匹茲堡海盜,9.04,6.0,3.04,3.04
2026-06-25,823612,芝加哥小熊 @ 紐約大都會,9.65,7.0,2.65,2.65
2026-06-25,824258,休士頓太空人 @ 底特律老虎,8.84,3.0,5.84,5.84
2026-06-25,824747,紐約洋基 @ 波士頓紅襪,8.6,9.0,0.4,-0.4
2026-06-26,822796,德州遊騎兵 @ 多倫多藍鳥,9.0,9.0,0.0,-0.0
2026-06-26,822962,亞利桑那響尾蛇 @ 坦帕灣光芒,8.59,7.0,1.59,1.59
2026-06-26,823039,邁阿密馬林魚 @ 聖路易紅雀,9.14,4.0,5.14,5.14
2026-06-26,823206,亞特蘭大勇士 @ 舊金山巨人,8.57,4.0,4.57,4.57
2026-06-26,823285,洛杉磯道奇 @ 聖地牙哥教士,8.75,8.0,0.75,0.75
2026-06-26,823363,辛辛那提紅人 @ 匹茲堡海盜,8.81,10.0,1.19,-1.19
2026-06-26,823610,費城費城人 @ 紐約大都會,9.8,3.0,6.8,6.8
2026-06-26,823688,科羅拉多洛磯 @ 明尼蘇達雙城,10.51,17.0,6.49,-6.49
2026-06-26,823773,芝加哥小熊 @ 密爾瓦基釀酒人,9.79,8.0,1.79,1.79
2026-06-26,824014,運動家 @ 洛杉磯天使,10.49,12.0,1.51,-1.51
2026-06-26,824255,休士頓太空人 @ 底特律老虎,8.34,8.0,0.34,0.34
2026-06-26,824423,西雅圖水手 @ 克里夫蘭守護者,7.94,4.0,3.94,3.94
2026-06-26,824582,堪薩斯市皇家 @ 芝加哥白襪,9.54,23.0,13.46,-13.46
2026-06-26,824743,紐約洋基 @ 波士頓紅襪,8.59,7.0,1.59,1.59
2026-06-26,824824,華盛頓國民 @ 巴爾的摩金鶯,9.64,4.0,5.64,5.64
2026-06-27,824257,休士頓太空人 @ 底特律老虎,8.36,0.0,8.36,8.36
2026-06-27,824745,紐約洋基 @ 波士頓紅襪,8.52,0.0,8.52,8.52
