date,game_time_tw,game_time_utc,decision,matchup_zh,prediction_zh,confidence,confirmation_pick_zh,status,score,actual_winner_zh,settlement,is_final
2026-07-25,2026-07-26 07:15,2026-07-25T23:15:00Z,一般預測,洛杉磯道奇 @ 紐約大都會,洛杉磯道奇,0.5326,洛杉磯道奇,Scheduled,,,pending,False
2026-07-25,2026-07-26 07:15,2026-07-25T23:15:00Z,一般預測,辛辛那提紅人 @ 聖路易紅雀,聖路易紅雀,0.5116,辛辛那提紅人,Scheduled,,,pending,False
2026-07-25,2026-07-26 07:15,2026-07-25T23:15:00Z,模型分歧,西雅圖水手 @ 德州遊騎兵,德州遊騎兵,0.5132,德州遊騎兵,Scheduled,,,pending,False
2026-07-25,2026-07-26 07:10,2026-07-25T23:10:00Z,一般預測,休士頓太空人 @ 芝加哥白襪,芝加哥白襪,0.5129,芝加哥白襪,Scheduled,,,pending,False
2026-07-25,2026-07-26 07:10,2026-07-25T23:10:00Z,高信心預測,科羅拉多洛磯 @ 密爾瓦基釀酒人,密爾瓦基釀酒人,0.672,密爾瓦基釀酒人,Scheduled,,,pending,False
2026-07-25,2026-07-26 07:10,2026-07-25T23:10:00Z,一般預測,運動家 @ 明尼蘇達雙城,明尼蘇達雙城,0.5345,明尼蘇達雙城,Scheduled,,,pending,False
2026-07-25,2026-07-26 07:05,2026-07-25T23:05:00Z,一般預測,亞特蘭大勇士 @ 巴爾的摩金鶯,亞特蘭大勇士,0.5218,巴爾的摩金鶯,Scheduled,,,pending,False
2026-07-25,2026-07-26 06:40,2026-07-25T22:40:00Z,一般預測,芝加哥小熊 @ 匹茲堡海盜,芝加哥小熊,0.5201,芝加哥小熊,Scheduled,,,pending,False
2026-07-25,2026-07-26 06:10,2026-07-25T22:10:00Z,一般預測,克里夫蘭守護者 @ 坦帕灣光芒,坦帕灣光芒,0.5378,坦帕灣光芒,Scheduled,,,pending,False
2026-07-25,2026-07-26 06:05,2026-07-25T22:05:00Z,模型分歧,紐約洋基 @ 費城費城人,紐約洋基,0.5023,紐約洋基,Scheduled,,,pending,False
2026-07-25,2026-07-26 04:10,2026-07-25T20:10:00Z,一般預測,多倫多藍鳥 @ 波士頓紅襪,波士頓紅襪,0.5472,波士頓紅襪,Scheduled,,,pending,False
2026-07-25,2026-07-26 04:10,2026-07-25T20:10:00Z,模型分歧,聖地牙哥教士 @ 邁阿密馬林魚,聖地牙哥教士,0.5063,聖地牙哥教士,Scheduled,,,pending,False
2026-07-25,2026-07-26 04:05,2026-07-25T20:05:00Z,一般預測,洛杉磯天使 @ 舊金山巨人,舊金山巨人,0.5574,舊金山巨人,Scheduled,,,pending,False
2026-07-25,2026-07-26 04:05,2026-07-25T20:05:00Z,模型分歧,亞利桑那響尾蛇 @ 華盛頓國民,亞利桑那響尾蛇,0.515,亞利桑那響尾蛇,Scheduled,,,pending,False
2026-07-25,2026-07-26 01:10,2026-07-25T17:10:00Z,一般預測,堪薩斯市皇家 @ 底特律老虎,底特律老虎,0.556,底特律老虎,Scheduled,,,pending,False
2026-07-24,2026-07-25 10:15,2026-07-25T02:15:00Z,高信心預測,洛杉磯天使 @ 舊金山巨人,舊金山巨人,0.5572,舊金山巨人,Final,6-7,舊金山巨人,correct,True
2026-07-24,2026-07-25 08:15,2026-07-25T00:15:00Z,一般預測,辛辛那提紅人 @ 聖路易紅雀,聖路易紅雀,0.5124,聖路易紅雀,Final,4-2,辛辛那提紅人,wrong,True
2026-07-24,2026-07-25 08:10,2026-07-25T00:10:00Z,一般預測,運動家 @ 明尼蘇達雙城,明尼蘇達雙城,0.5353,明尼蘇達雙城,Final,2-0,運動家,wrong,True
2026-07-24,2026-07-25 08:05,2026-07-25T00:05:00Z,模型分歧,西雅圖水手 @ 德州遊騎兵,德州遊騎兵,0.5128,德州遊騎兵,Final,4-5,德州遊騎兵,correct,True
2026-07-24,2026-07-25 07:40,2026-07-24T23:40:00Z,一般預測,休士頓太空人 @ 芝加哥白襪,芝加哥白襪,0.5144,芝加哥白襪,Final,9-5,休士頓太空人,wrong,True
2026-07-24,2026-07-25 07:15,2026-07-24T23:15:00Z,一般預測,多倫多藍鳥 @ 波士頓紅襪,波士頓紅襪,0.5465,波士頓紅襪,Final,4-6,波士頓紅襪,correct,True
2026-07-24,2026-07-25 07:10,2026-07-24T23:10:00Z,模型分歧,聖地牙哥教士 @ 邁阿密馬林魚,聖地牙哥教士,0.5056,聖地牙哥教士,Final,4-2,聖地牙哥教士,correct,True
2026-07-24,2026-07-25 07:10,2026-07-24T23:10:00Z,一般預測,洛杉磯道奇 @ 紐約大都會,洛杉磯道奇,0.5321,洛杉磯道奇,Final,4-2,洛杉磯道奇,correct,True
2026-07-24,2026-07-25 07:10,2026-07-24T23:10:00Z,一般預測,克里夫蘭守護者 @ 坦帕灣光芒,坦帕灣光芒,0.5347,坦帕灣光芒,Final,3-11,坦帕灣光芒,correct,True
2026-07-24,2026-07-25 07:05,2026-07-24T23:05:00Z,一般預測,亞特蘭大勇士 @ 巴爾的摩金鶯,亞特蘭大勇士,0.5217,巴爾的摩金鶯,Final,7-6,亞特蘭大勇士,correct,True
2026-07-24,2026-07-25 06:45,2026-07-24T22:45:00Z,一般預測,紐約洋基 @ 費城費城人,紐約洋基,0.502,紐約洋基,Final,1-0,紐約洋基,correct,True
2026-07-24,2026-07-25 06:45,2026-07-24T22:45:00Z,一般預測,亞利桑那響尾蛇 @ 華盛頓國民,亞利桑那響尾蛇,0.5147,亞利桑那響尾蛇,Final,3-2,亞利桑那響尾蛇,correct,True
2026-07-24,2026-07-25 06:40,2026-07-24T22:40:00Z,高信心預測,堪薩斯市皇家 @ 底特律老虎,底特律老虎,0.5557,底特律老虎,Final,1-2,底特律老虎,correct,True
2026-07-24,2026-07-25 06:40,2026-07-24T22:40:00Z,一般預測,芝加哥小熊 @ 匹茲堡海盜,芝加哥小熊,0.5198,匹茲堡海盜,Final,3-2,芝加哥小熊,correct,True
2026-07-24,2026-07-25 04:10,2026-07-24T20:10:00Z,高信心預測,科羅拉多洛磯 @ 密爾瓦基釀酒人,密爾瓦基釀酒人,0.6734,密爾瓦基釀酒人,Final,5-2,科羅拉多洛磯,wrong,True
2026-07-23,2026-07-24 06:40,2026-07-23T22:40:00Z,高信心預測,堪薩斯市皇家 @ 底特律老虎,底特律老虎,0.5554,底特律老虎,Final,3-4,底特律老虎,correct,True
2026-07-23,2026-07-24 05:15,2026-07-23T21:15:00Z,一般預測,亞利桑那響尾蛇 @ 聖路易紅雀,聖路易紅雀,0.5066,亞利桑那響尾蛇,Final,10-6,亞利桑那響尾蛇,wrong,True
2026-07-23,2026-07-24 03:07,2026-07-23T19:07:00Z,模型分歧,坦帕灣光芒 @ 多倫多藍鳥,多倫多藍鳥,0.5104,坦帕灣光芒,Final,1-3,多倫多藍鳥,correct,True
2026-07-23,2026-07-24 01:10,2026-07-23T17:10:00Z,一般預測,明尼蘇達雙城 @ 克里夫蘭守護者,克里夫蘭守護者,0.5419,克里夫蘭守護者,Final,3-1,明尼蘇達雙城,wrong,True
2026-07-23,2026-07-24 00:15,2026-07-23T16:15:00Z,一般預測,聖地牙哥教士 @ 亞特蘭大勇士,亞特蘭大勇士,0.5265,亞特蘭大勇士,Final,5-6,亞特蘭大勇士,correct,True
2026-07-22,2026-07-23 08:10,2026-07-23T00:10:00Z,一般預測,底特律老虎 @ 芝加哥小熊,芝加哥小熊,0.5408,芝加哥小熊,Final,5-1,底特律老虎,wrong,True
2026-07-22,2026-07-23 08:10,2026-07-23T00:10:00Z,模型分歧,邁阿密馬林魚 @ 休士頓太空人,休士頓太空人,0.5293,休士頓太空人,Final,2-5,休士頓太空人,correct,True
2026-07-22,2026-07-23 08:05,2026-07-23T00:05:00Z,一般預測,芝加哥白襪 @ 德州遊騎兵,德州遊騎兵,0.5413,芝加哥白襪,Final,4-2,芝加哥白襪,wrong,True
2026-07-22,2026-07-23 07:15,2026-07-22T23:15:00Z,一般預測,聖地牙哥教士 @ 亞特蘭大勇士,亞特蘭大勇士,0.5262,亞特蘭大勇士,Final,6-7,亞特蘭大勇士,correct,True
2026-07-22,2026-07-23 07:10,2026-07-22T23:10:00Z,高信心預測,巴爾的摩金鶯 @ 波士頓紅襪,波士頓紅襪,0.5747,波士頓紅襪,Final,5-1,巴爾的摩金鶯,wrong,True
2026-07-22,2026-07-23 07:07,2026-07-22T23:07:00Z,模型分歧,坦帕灣光芒 @ 多倫多藍鳥,多倫多藍鳥,0.5111,坦帕灣光芒,Final,4-2,坦帕灣光芒,wrong,True
2026-07-22,2026-07-23 07:05,2026-07-22T23:05:00Z,模型分歧,匹茲堡海盜 @ 紐約洋基,紐約洋基,0.5658,紐約洋基,Final,0-2,紐約洋基,correct,True
2026-07-22,2026-07-23 06:40,2026-07-22T22:40:00Z,模型分歧,明尼蘇達雙城 @ 克里夫蘭守護者,克里夫蘭守護者,0.5438,克里夫蘭守護者,Final,10-6,明尼蘇達雙城,wrong,True
2026-07-22,2026-07-23 06:40,2026-07-22T22:40:00Z,一般預測,洛杉磯道奇 @ 費城費城人,洛杉磯道奇,0.507,洛杉磯道奇,Final,9-5,洛杉磯道奇,correct,True
2026-07-22,2026-07-23 04:07,2026-07-22T20:07:00Z,一般預測,聖路易紅雀 @ 洛杉磯天使,聖路易紅雀,0.5115,洛杉磯天使,Final,1-0,聖路易紅雀,correct,True
2026-07-22,2026-07-23 03:40,2026-07-22T19:40:00Z,高信心預測,運動家 @ 亞利桑那響尾蛇,亞利桑那響尾蛇,0.5559,亞利桑那響尾蛇,Final,5-15,亞利桑那響尾蛇,correct,True
2026-07-22,2026-07-23 03:40,2026-07-22T19:40:00Z,一般預測,辛辛那提紅人 @ 西雅圖水手,西雅圖水手,0.5443,西雅圖水手,Final,5-3,辛辛那提紅人,wrong,True
2026-07-22,2026-07-23 03:10,2026-07-22T19:10:00Z,一般預測,華盛頓國民 @ 科羅拉多洛磯,華盛頓國民,0.5484,華盛頓國民,Final,8-0,華盛頓國民,correct,True
2026-07-22,2026-07-23 02:10,2026-07-22T18:10:00Z,模型分歧,舊金山巨人 @ 堪薩斯市皇家,堪薩斯市皇家,0.5101,舊金山巨人,Final,4-5,堪薩斯市皇家,correct,True
2026-07-22,2026-07-23 02:10,2026-07-22T18:10:00Z,高信心預測,紐約大都會 @ 密爾瓦基釀酒人,密爾瓦基釀酒人,0.575,密爾瓦基釀酒人,Final,3-4,密爾瓦基釀酒人,correct,True
2026-07-22,2026-07-23 01:35,2026-07-22T17:35:00Z,高信心預測,巴爾的摩金鶯 @ 波士頓紅襪,波士頓紅襪,0.5747,波士頓紅襪,Final,3-6,波士頓紅襪,correct,True
2026-07-22,2026-07-23 01:05,2026-07-22T17:05:00Z,模型分歧,匹茲堡海盜 @ 紐約洋基,紐約洋基,0.5658,紐約洋基,Final,5-3,匹茲堡海盜,wrong,True
2026-07-21,2026-07-22 09:40,2026-07-22T01:40:00Z,高信心預測,運動家 @ 亞利桑那響尾蛇,亞利桑那響尾蛇,0.5557,亞利桑那響尾蛇,Final,5-6,亞利桑那響尾蛇,correct,True
2026-07-21,2026-07-22 09:40,2026-07-22T01:40:00Z,一般預測,辛辛那提紅人 @ 西雅圖水手,西雅圖水手,0.5451,西雅圖水手,Final,4-2,辛辛那提紅人,wrong,True
2026-07-21,2026-07-22 09:38,2026-07-22T01:38:00Z,一般預測,聖路易紅雀 @ 洛杉磯天使,聖路易紅雀,0.5133,洛杉磯天使,Final,1-5,洛杉磯天使,wrong,True
2026-07-21,2026-07-22 08:40,2026-07-22T00:40:00Z,一般預測,華盛頓國民 @ 科羅拉多洛磯,華盛頓國民,0.5492,華盛頓國民,Final,7-8,科羅拉多洛磯,wrong,True
2026-07-21,2026-07-22 08:10,2026-07-22T00:10:00Z,模型分歧,邁阿密馬林魚 @ 休士頓太空人,休士頓太空人,0.5286,休士頓太空人,Final,3-5,休士頓太空人,correct,True
2026-07-21,2026-07-22 08:05,2026-07-22T00:05:00Z,模型分歧,底特律老虎 @ 芝加哥小熊,芝加哥小熊,0.5378,芝加哥小熊,Final,2-11,芝加哥小熊,correct,True
2026-07-21,2026-07-22 08:05,2026-07-22T00:05:00Z,模型分歧,芝加哥白襪 @ 德州遊騎兵,德州遊騎兵,0.5373,芝加哥白襪,Final,0-10,德州遊騎兵,correct,True
2026-07-21,2026-07-22 07:40,2026-07-21T23:40:00Z,模型分歧,舊金山巨人 @ 堪薩斯市皇家,堪薩斯市皇家,0.5096,舊金山巨人,Final,2-3,堪薩斯市皇家,correct,True
2026-07-21,2026-07-22 07:40,2026-07-21T23:40:00Z,高信心預測,紐約大都會 @ 密爾瓦基釀酒人,密爾瓦基釀酒人,0.5765,密爾瓦基釀酒人,Final,4-0,紐約大都會,wrong,True
2026-07-21,2026-07-22 07:15,2026-07-21T23:15:00Z,一般預測,聖地牙哥教士 @ 亞特蘭大勇士,亞特蘭大勇士,0.5281,亞特蘭大勇士,Final,8-3,聖地牙哥教士,wrong,True
2026-07-21,2026-07-22 07:10,2026-07-21T23:10:00Z,高信心預測,巴爾的摩金鶯 @ 波士頓紅襪,波士頓紅襪,0.5747,波士頓紅襪,Postponed,,,pending,False
2026-07-21,2026-07-22 07:07,2026-07-21T23:07:00Z,模型分歧,坦帕灣光芒 @ 多倫多藍鳥,多倫多藍鳥,0.5149,坦帕灣光芒,Final,12-2,坦帕灣光芒,wrong,True
2026-07-21,2026-07-22 07:05,2026-07-21T23:05:00Z,模型分歧,匹茲堡海盜 @ 紐約洋基,紐約洋基,0.5658,紐約洋基,Postponed,,,pending,False
2026-07-21,2026-07-22 06:40,2026-07-21T22:40:00Z,模型分歧,明尼蘇達雙城 @ 克里夫蘭守護者,克里夫蘭守護者,0.5426,克里夫蘭守護者,Final,2-5,克里夫蘭守護者,correct,True
2026-07-21,2026-07-22 06:40,2026-07-21T22:40:00Z,一般預測,洛杉磯道奇 @ 費城費城人,洛杉磯道奇,0.5067,費城費城人,Final,2-1,洛杉磯道奇,correct,True
2026-07-20,2026-07-21 10:10,2026-07-21T02:10:00Z,一般預測,聖路易紅雀 @ 洛杉磯天使,聖路易紅雀,0.5138,聖路易紅雀,Final,2-3,洛杉磯天使,wrong,True
2026-07-20,2026-07-21 09:40,2026-07-21T01:40:00Z,高信心預測,運動家 @ 亞利桑那響尾蛇,亞利桑那響尾蛇,0.5569,亞利桑那響尾蛇,Final,5-2,運動家,wrong,True
2026-07-20,2026-07-21 09:40,2026-07-21T01:40:00Z,一般預測,辛辛那提紅人 @ 西雅圖水手,西雅圖水手,0.5421,西雅圖水手,Final,0-8,西雅圖水手,correct,True
2026-07-20,2026-07-21 08:40,2026-07-21T00:40:00Z,一般預測,華盛頓國民 @ 科羅拉多洛磯,華盛頓國民,0.5478,華盛頓國民,Final,7-3,華盛頓國民,correct,True
2026-07-20,2026-07-21 08:10,2026-07-21T00:10:00Z,模型分歧,邁阿密馬林魚 @ 休士頓太空人,休士頓太空人,0.5274,邁阿密馬林魚,Final,5-8,休士頓太空人,correct,True
2026-07-20,2026-07-21 08:05,2026-07-21T00:05:00Z,一般預測,底特律老虎 @ 芝加哥小熊,芝加哥小熊,0.5386,芝加哥小熊,Final,8-6,底特律老虎,wrong,True
2026-07-20,2026-07-21 08:05,2026-07-21T00:05:00Z,模型分歧,芝加哥白襪 @ 德州遊騎兵,德州遊騎兵,0.5403,芝加哥白襪,Final,10-3,芝加哥白襪,wrong,True
2026-07-20,2026-07-21 07:40,2026-07-20T23:40:00Z,模型分歧,舊金山巨人 @ 堪薩斯市皇家,堪薩斯市皇家,0.5092,舊金山巨人,Final,3-4,堪薩斯市皇家,correct,True
2026-07-20,2026-07-21 07:40,2026-07-20T23:40:00Z,高信心預測,紐約大都會 @ 密爾瓦基釀酒人,密爾瓦基釀酒人,0.575,密爾瓦基釀酒人,Final,3-8,密爾瓦基釀酒人,correct,True
2026-07-20,2026-07-21 07:15,2026-07-20T23:15:00Z,一般預測,聖地牙哥教士 @ 亞特蘭大勇士,亞特蘭大勇士,0.5277,亞特蘭大勇士,Final,2-3,亞特蘭大勇士,correct,True
2026-07-20,2026-07-21 07:10,2026-07-20T23:10:00Z,高信心預測,巴爾的摩金鶯 @ 波士頓紅襪,波士頓紅襪,0.5745,波士頓紅襪,Final,5-6,波士頓紅襪,correct,True
2026-07-20,2026-07-21 07:10,2026-07-20T23:10:00Z,一般預測,洛杉磯道奇 @ 費城費城人,洛杉磯道奇,0.5079,費城費城人,Final,7-10,費城費城人,wrong,True
2026-07-20,2026-07-21 07:07,2026-07-20T23:07:00Z,模型分歧,坦帕灣光芒 @ 多倫多藍鳥,多倫多藍鳥,0.5172,多倫多藍鳥,Final,7-1,坦帕灣光芒,wrong,True
2026-07-20,2026-07-21 07:05,2026-07-20T23:05:00Z,模型分歧,匹茲堡海盜 @ 紐約洋基,紐約洋基,0.5649,紐約洋基,Final,5-8,紐約洋基,correct,True
2026-07-20,2026-07-21 06:40,2026-07-20T22:40:00Z,模型分歧,明尼蘇達雙城 @ 克里夫蘭守護者,克里夫蘭守護者,0.5389,克里夫蘭守護者,Final,4-13,克里夫蘭守護者,correct,True
2026-07-19,2026-07-20 07:20,2026-07-19T23:20:00Z,模型分歧,洛杉磯道奇 @ 紐約洋基,紐約洋基,0.5148,紐約洋基,Final,1-2,紐約洋基,correct,True
2026-07-19,2026-07-20 04:10,2026-07-19T20:10:00Z,一般預測,聖路易紅雀 @ 亞利桑那響尾蛇,亞利桑那響尾蛇,0.5308,亞利桑那響尾蛇,Final,7-8,亞利桑那響尾蛇,correct,True
2026-07-19,2026-07-20 04:10,2026-07-19T20:10:00Z,模型分歧,舊金山巨人 @ 西雅圖水手,西雅圖水手,0.5427,舊金山巨人,Final,3-6,西雅圖水手,correct,True
2026-07-19,2026-07-20 04:07,2026-07-19T20:07:00Z,一般預測,底特律老虎 @ 洛杉磯天使,底特律老虎,0.5454,底特律老虎,Final,2-3,洛杉磯天使,wrong,True
2026-07-19,2026-07-20 04:05,2026-07-19T20:05:00Z,模型分歧,華盛頓國民 @ 運動家,運動家,0.5193,華盛頓國民,Final,5-2,華盛頓國民,wrong,True
2026-07-19,2026-07-20 03:10,2026-07-19T19:10:00Z,模型分歧,辛辛那提紅人 @ 科羅拉多洛磯,辛辛那提紅人,0.5771,科羅拉多洛磯,Final,9-6,辛辛那提紅人,correct,True
2026-07-19,2026-07-20 02:20,2026-07-19T18:20:00Z,高信心預測,明尼蘇達雙城 @ 芝加哥小熊,芝加哥小熊,0.5775,芝加哥小熊,Final,1-10,芝加哥小熊,correct,True
2026-07-19,2026-07-20 02:10,2026-07-19T18:10:00Z,一般預測,巴爾的摩金鶯 @ 休士頓太空人,休士頓太空人,0.5397,巴爾的摩金鶯,Final,5-2,巴爾的摩金鶯,wrong,True
2026-07-19,2026-07-20 02:10,2026-07-19T18:10:00Z,模型分歧,聖地牙哥教士 @ 堪薩斯市皇家,聖地牙哥教士,0.5011,堪薩斯市皇家,Final,19-2,聖地牙哥教士,correct,True
2026-07-19,2026-07-20 02:10,2026-07-19T18:10:00Z,模型分歧,邁阿密馬林魚 @ 密爾瓦基釀酒人,密爾瓦基釀酒人,0.5859,密爾瓦基釀酒人,Final,1-3,密爾瓦基釀酒人,correct,True
2026-07-19,2026-07-20 01:40,2026-07-19T17:40:00Z,模型分歧,匹茲堡海盜 @ 克里夫蘭守護者,克里夫蘭守護者,0.52,克里夫蘭守護者,Final,7-1,匹茲堡海盜,wrong,True
2026-07-19,2026-07-20 01:35,2026-07-19T17:35:00Z,一般預測,德州遊騎兵 @ 亞特蘭大勇士,亞特蘭大勇士,0.5267,亞特蘭大勇士,Final,5-8,亞特蘭大勇士,correct,True
2026-07-19,2026-07-20 01:35,2026-07-19T17:35:00Z,一般預測,坦帕灣光芒 @ 波士頓紅襪,波士頓紅襪,0.5391,波士頓紅襪,Final,1-6,波士頓紅襪,correct,True
2026-07-19,2026-07-20 01:35,2026-07-19T17:35:00Z,一般預測,紐約大都會 @ 費城費城人,費城費城人,0.5463,費城費城人,Final,6-1,紐約大都會,wrong,True
2026-07-19,2026-07-20 00:35,2026-07-19T16:35:00Z,模型分歧,洛杉磯道奇 @ 紐約洋基,紐約洋基,0.5148,紐約洋基,Final,8-2,洛杉磯道奇,wrong,True
2026-07-19,2026-07-20 00:15,2026-07-19T16:15:00Z,模型分歧,芝加哥白襪 @ 多倫多藍鳥,多倫多藍鳥,0.5376,芝加哥白襪,Final,3-0,芝加哥白襪,wrong,True
2026-07-18,2026-07-19 10:07,2026-07-19T02:07:00Z,一般預測,底特律老虎 @ 洛杉磯天使,底特律老虎,0.5428,底特律老虎,Final,7-0,底特律老虎,correct,True
2026-07-18,2026-07-19 10:05,2026-07-19T02:05:00Z,模型分歧,華盛頓國民 @ 運動家,運動家,0.5136,華盛頓國民,Final,1-15,運動家,correct,True
2026-07-18,2026-07-19 08:08,2026-07-19T00:08:00Z,模型分歧,洛杉磯道奇 @ 紐約洋基,紐約洋基,0.5148,紐約洋基,Postponed,,,pending,False
2026-07-18,2026-07-19 08:08,2026-07-19T00:08:00Z,模型分歧,舊金山巨人 @ 西雅圖水手,西雅圖水手,0.5424,舊金山巨人,Final,3-4,西雅圖水手,correct,True
2026-07-18,2026-07-19 07:10,2026-07-18T23:10:00Z,模型分歧,匹茲堡海盜 @ 克里夫蘭守護者,克里夫蘭守護者,0.5218,克里夫蘭守護者,Final,3-5,克里夫蘭守護者,correct,True
2026-07-18,2026-07-19 04:10,2026-07-18T20:10:00Z,一般預測,聖路易紅雀 @ 亞利桑那響尾蛇,亞利桑那響尾蛇,0.5301,亞利桑那響尾蛇,Final,3-5,亞利桑那響尾蛇,correct,True
2026-07-18,2026-07-19 04:10,2026-07-18T20:10:00Z,一般預測,德州遊騎兵 @ 亞特蘭大勇士,亞特蘭大勇士,0.5271,亞特蘭大勇士,Final,7-6,德州遊騎兵,wrong,True
2026-07-18,2026-07-19 04:10,2026-07-18T20:10:00Z,一般預測,坦帕灣光芒 @ 波士頓紅襪,波士頓紅襪,0.5389,波士頓紅襪,Final,6-7,波士頓紅襪,correct,True
2026-07-18,2026-07-19 04:10,2026-07-18T20:10:00Z,一般預測,巴爾的摩金鶯 @ 休士頓太空人,休士頓太空人,0.5406,巴爾的摩金鶯,Final,4-2,巴爾的摩金鶯,wrong,True
2026-07-18,2026-07-19 04:10,2026-07-18T20:10:00Z,模型分歧,聖地牙哥教士 @ 堪薩斯市皇家,聖地牙哥教士,0.5033,聖地牙哥教士,Final,1-6,堪薩斯市皇家,wrong,True
2026-07-18,2026-07-19 04:10,2026-07-18T20:10:00Z,高信心預測,邁阿密馬林魚 @ 密爾瓦基釀酒人,密爾瓦基釀酒人,0.5855,密爾瓦基釀酒人,Final,6-8,密爾瓦基釀酒人,correct,True
2026-07-18,2026-07-19 04:05,2026-07-18T20:05:00Z,一般預測,紐約大都會 @ 費城費城人,費城費城人,0.5444,費城費城人,Final,1-6,費城費城人,correct,True
2026-07-18,2026-07-19 03:10,2026-07-18T19:10:00Z,模型分歧,辛辛那提紅人 @ 科羅拉多洛磯,辛辛那提紅人,0.5807,辛辛那提紅人,Final,3-10,科羅拉多洛磯,wrong,True
2026-07-18,2026-07-19 03:07,2026-07-18T19:07:00Z,模型分歧,芝加哥白襪 @ 多倫多藍鳥,多倫多藍鳥,0.5372,芝加哥白襪,Final,0-1,多倫多藍鳥,correct,True
2026-07-18,2026-07-19 02:20,2026-07-18T18:20:00Z,高信心預測,明尼蘇達雙城 @ 芝加哥小熊,芝加哥小熊,0.5762,芝加哥小熊,Final,2-6,芝加哥小熊,correct,True
2026-07-18,2026-07-19 01:10,2026-07-18T17:10:00Z,模型分歧,匹茲堡海盜 @ 克里夫蘭守護者,克里夫蘭守護者,0.5218,克里夫蘭守護者,Final,7-1,匹茲堡海盜,wrong,True
2026-07-17,2026-07-18 10:10,2026-07-18T02:10:00Z,一般預測,舊金山巨人 @ 西雅圖水手,西雅圖水手,0.5452,西雅圖水手,Final,7-0,舊金山巨人,wrong,True
2026-07-17,2026-07-18 09:40,2026-07-18T01:40:00Z,一般預測,聖路易紅雀 @ 亞利桑那響尾蛇,亞利桑那響尾蛇,0.5305,亞利桑那響尾蛇,Final,5-4,聖路易紅雀,wrong,True
2026-07-17,2026-07-18 09:40,2026-07-18T01:40:00Z,模型分歧,華盛頓國民 @ 運動家,運動家,0.5213,華盛頓國民,Final,23-4,華盛頓國民,wrong,True
2026-07-17,2026-07-18 09:38,2026-07-18T01:38:00Z,一般預測,底特律老虎 @ 洛杉磯天使,底特律老虎,0.5424,底特律老虎,Final,2-1,底特律老虎,correct,True
2026-07-17,2026-07-18 08:40,2026-07-18T00:40:00Z,模型分歧,辛辛那提紅人 @ 科羅拉多洛磯,辛辛那提紅人,0.5789,辛辛那提紅人,Final,7-2,辛辛那提紅人,correct,True
2026-07-17,2026-07-18 08:10,2026-07-18T00:10:00Z,一般預測,巴爾的摩金鶯 @ 休士頓太空人,休士頓太空人,0.541,巴爾的摩金鶯,Final,3-2,巴爾的摩金鶯,wrong,True
2026-07-17,2026-07-18 08:10,2026-07-18T00:10:00Z,模型分歧,聖地牙哥教士 @ 堪薩斯市皇家,聖地牙哥教士,0.5039,聖地牙哥教士,Final,6-7,堪薩斯市皇家,wrong,True
2026-07-17,2026-07-18 08:05,2026-07-18T00:05:00Z,高信心預測,明尼蘇達雙城 @ 芝加哥小熊,芝加哥小熊,0.5774,芝加哥小熊,Final,5-2,明尼蘇達雙城,wrong,True
2026-07-17,2026-07-18 07:40,2026-07-17T23:40:00Z,一般預測,邁阿密馬林魚 @ 密爾瓦基釀酒人,密爾瓦基釀酒人,0.5853,邁阿密馬林魚,Final,1-2,密爾瓦基釀酒人,correct,True
2026-07-17,2026-07-18 07:15,2026-07-17T23:15:00Z,一般預測,德州遊騎兵 @ 亞特蘭大勇士,亞特蘭大勇士,0.5217,亞特蘭大勇士,Final,1-15,亞特蘭大勇士,correct,True
2026-07-17,2026-07-18 07:15,2026-07-17T23:15:00Z,模型分歧,芝加哥白襪 @ 多倫多藍鳥,多倫多藍鳥,0.5405,芝加哥白襪,Final,12-4,芝加哥白襪,wrong,True
2026-07-17,2026-07-18 07:10,2026-07-17T23:10:00Z,一般預測,坦帕灣光芒 @ 波士頓紅襪,波士頓紅襪,0.5344,波士頓紅襪,Final,3-5,波士頓紅襪,correct,True
2026-07-17,2026-07-18 07:10,2026-07-17T23:10:00Z,模型分歧,匹茲堡海盜 @ 克里夫蘭守護者,克里夫蘭守護者,0.5218,克里夫蘭守護者,Postponed,,,pending,False
2026-07-17,2026-07-18 07:05,2026-07-17T23:05:00Z,模型分歧,洛杉磯道奇 @ 紐約洋基,紐約洋基,0.5152,紐約洋基,Final,2-1,洛杉磯道奇,wrong,True
2026-07-17,2026-07-18 01:35,2026-07-17T17:35:00Z,一般預測,坦帕灣光芒 @ 波士頓紅襪,波士頓紅襪,0.5344,波士頓紅襪,Final,0-10,波士頓紅襪,correct,True
2026-07-16,2026-07-17 07:10,2026-07-16T23:10:00Z,一般預測,紐約大都會 @ 費城費城人,費城費城人,0.5456,費城費城人,Final,4-1,紐約大都會,wrong,True
2026-07-12,2026-07-13 04:10,2026-07-12T20:10:00Z,高信心預測,亞利桑那響尾蛇 @ 洛杉磯道奇,洛杉磯道奇,0.5716,洛杉磯道奇,Final,5-3,亞利桑那響尾蛇,wrong,True
2026-07-12,2026-07-13 04:10,2026-07-12T20:10:00Z,模型分歧,多倫多藍鳥 @ 聖地牙哥教士,聖地牙哥教士,0.5196,聖地牙哥教士,Final,4-5,聖地牙哥教士,correct,True
2026-07-12,2026-07-13 04:05,2026-07-12T20:05:00Z,高信心預測,科羅拉多洛磯 @ 舊金山巨人,舊金山巨人,0.6162,舊金山巨人,Final,1-3,舊金山巨人,correct,True
2026-07-12,2026-07-13 02:35,2026-07-12T18:35:00Z,一般預測,休士頓太空人 @ 德州遊騎兵,德州遊騎兵,0.5385,德州遊騎兵,Final,5-6,德州遊騎兵,correct,True
2026-07-12,2026-07-13 02:15,2026-07-12T18:15:00Z,模型分歧,亞特蘭大勇士 @ 聖路易紅雀,亞特蘭大勇士,0.5069,聖路易紅雀,Final,4-3,亞特蘭大勇士,correct,True
2026-07-12,2026-07-13 02:10,2026-07-12T18:10:00Z,一般預測,運動家 @ 芝加哥白襪,芝加哥白襪,0.5415,芝加哥白襪,Final,1-9,芝加哥白襪,correct,True
2026-07-12,2026-07-13 02:10,2026-07-12T18:10:00Z,一般預測,洛杉磯天使 @ 明尼蘇達雙城,明尼蘇達雙城,0.5428,明尼蘇達雙城,Final,2-4,明尼蘇達雙城,correct,True
2026-07-12,2026-07-13 01:40,2026-07-12T17:40:00Z,一般預測,芝加哥小熊 @ 辛辛那提紅人,芝加哥小熊,0.5207,芝加哥小熊,Final,8-4,芝加哥小熊,correct,True
2026-07-12,2026-07-13 01:40,2026-07-12T17:40:00Z,一般預測,費城費城人 @ 底特律老虎,底特律老虎,0.5169,底特律老虎,Final,5-0,費城費城人,wrong,True
2026-07-12,2026-07-13 01:40,2026-07-12T17:40:00Z,一般預測,克里夫蘭守護者 @ 邁阿密馬林魚,邁阿密馬林魚,0.5103,邁阿密馬林魚,Final,5-2,克里夫蘭守護者,wrong,True
2026-07-12,2026-07-13 01:40,2026-07-12T17:40:00Z,一般預測,波士頓紅襪 @ 紐約大都會,波士頓紅襪,0.5095,波士頓紅襪,Final,3-2,波士頓紅襪,correct,True
2026-07-12,2026-07-13 01:40,2026-07-12T17:40:00Z,一般預測,西雅圖水手 @ 坦帕灣光芒,坦帕灣光芒,0.5176,坦帕灣光芒,Final,8-2,西雅圖水手,wrong,True
2026-07-12,2026-07-13 01:35,2026-07-12T17:35:00Z,一般預測,堪薩斯市皇家 @ 巴爾的摩金鶯,巴爾的摩金鶯,0.5069,巴爾的摩金鶯,Final,2-8,巴爾的摩金鶯,correct,True
2026-07-12,2026-07-13 01:35,2026-07-12T17:35:00Z,模型分歧,紐約洋基 @ 華盛頓國民,紐約洋基,0.562,紐約洋基,Final,5-3,紐約洋基,correct,True
2026-07-12,2026-07-13 00:15,2026-07-12T16:15:00Z,模型分歧,密爾瓦基釀酒人 @ 匹茲堡海盜,密爾瓦基釀酒人,0.5399,密爾瓦基釀酒人,Final,5-14,匹茲堡海盜,wrong,True
2026-07-11,2026-07-12 09:10,2026-07-12T01:10:00Z,高信心預測,亞利桑那響尾蛇 @ 洛杉磯道奇,洛杉磯道奇,0.5742,洛杉磯道奇,Final,9-2,亞利桑那響尾蛇,wrong,True
2026-07-11,2026-07-12 08:40,2026-07-12T00:40:00Z,模型分歧,多倫多藍鳥 @ 聖地牙哥教士,聖地牙哥教士,0.5192,多倫多藍鳥,Final,7-8,聖地牙哥教士,correct,True
2026-07-11,2026-07-12 07:15,2026-07-11T23:15:00Z,一般預測,亞特蘭大勇士 @ 聖路易紅雀,亞特蘭大勇士,0.5082,聖路易紅雀,Final,1-4,聖路易紅雀,wrong,True
2026-07-11,2026-07-12 07:10,2026-07-11T23:10:00Z,一般預測,芝加哥小熊 @ 辛辛那提紅人,芝加哥小熊,0.5201,芝加哥小熊,Final,5-3,芝加哥小熊,correct,True
2026-07-11,2026-07-12 07:05,2026-07-11T23:05:00Z,一般預測,堪薩斯市皇家 @ 巴爾的摩金鶯,巴爾的摩金鶯,0.5047,巴爾的摩金鶯,Final,1-6,巴爾的摩金鶯,correct,True
2026-07-11,2026-07-12 07:05,2026-07-11T23:05:00Z,一般預測,休士頓太空人 @ 德州遊騎兵,德州遊騎兵,0.541,德州遊騎兵,Final,9-3,休士頓太空人,wrong,True
2026-07-11,2026-07-12 06:10,2026-07-11T22:10:00Z,一般預測,費城費城人 @ 底特律老虎,底特律老虎,0.5176,底特律老虎,Final,4-2,費城費城人,wrong,True
2026-07-11,2026-07-12 04:10,2026-07-11T20:10:00Z,一般預測,克里夫蘭守護者 @ 邁阿密馬林魚,邁阿密馬林魚,0.5116,邁阿密馬林魚,Final,4-1,克里夫蘭守護者,wrong,True
2026-07-11,2026-07-12 04:10,2026-07-11T20:10:00Z,一般預測,波士頓紅襪 @ 紐約大都會,波士頓紅襪,0.508,波士頓紅襪,Final,4-0,波士頓紅襪,correct,True
2026-07-11,2026-07-12 04:10,2026-07-11T20:10:00Z,一般預測,西雅圖水手 @ 坦帕灣光芒,坦帕灣光芒,0.5156,坦帕灣光芒,Final,1-6,坦帕灣光芒,correct,True
2026-07-11,2026-07-12 04:05,2026-07-11T20:05:00Z,一般預測,密爾瓦基釀酒人 @ 匹茲堡海盜,密爾瓦基釀酒人,0.5411,密爾瓦基釀酒人,Final,2-3,匹茲堡海盜,wrong,True
2026-07-11,2026-07-12 04:05,2026-07-11T20:05:00Z,模型分歧,科羅拉多洛磯 @ 舊金山巨人,舊金山巨人,0.6156,舊金山巨人,Final,2-4,舊金山巨人,correct,True
2026-07-11,2026-07-12 04:05,2026-07-11T20:05:00Z,模型分歧,紐約洋基 @ 華盛頓國民,紐約洋基,0.5615,紐約洋基,Final,4-2,紐約洋基,correct,True
2026-07-11,2026-07-12 02:10,2026-07-11T18:10:00Z,一般預測,運動家 @ 芝加哥白襪,芝加哥白襪,0.5411,芝加哥白襪,Final,0-1,芝加哥白襪,correct,True
2026-07-11,2026-07-12 02:10,2026-07-11T18:10:00Z,一般預測,洛杉磯天使 @ 明尼蘇達雙城,明尼蘇達雙城,0.542,明尼蘇達雙城,Final,3-5,明尼蘇達雙城,correct,True
2026-07-11,2026-07-12 00:05,2026-07-11T16:05:00Z,一般預測,密爾瓦基釀酒人 @ 匹茲堡海盜,密爾瓦基釀酒人,0.5411,密爾瓦基釀酒人,Final,6-7,匹茲堡海盜,wrong,True
2026-07-10,2026-07-11 10:15,2026-07-11T02:15:00Z,高信心預測,科羅拉多洛磯 @ 舊金山巨人,舊金山巨人,0.6163,舊金山巨人,Final,4-3,科羅拉多洛磯,wrong,True
2026-07-10,2026-07-11 10:10,2026-07-11T02:10:00Z,高信心預測,亞利桑那響尾蛇 @ 洛杉磯道奇,洛杉磯道奇,0.5765,洛杉磯道奇,Final,9-3,亞利桑那響尾蛇,wrong,True
2026-07-10,2026-07-11 09:40,2026-07-11T01:40:00Z,模型分歧,多倫多藍鳥 @ 聖地牙哥教士,聖地牙哥教士,0.52,多倫多藍鳥,Final,5-3,多倫多藍鳥,wrong,True
2026-07-10,2026-07-11 08:15,2026-07-11T00:15:00Z,一般預測,亞特蘭大勇士 @ 聖路易紅雀,亞特蘭大勇士,0.5086,聖路易紅雀,Final,1-2,聖路易紅雀,wrong,True
2026-07-10,2026-07-11 08:10,2026-07-11T00:10:00Z,一般預測,洛杉磯天使 @ 明尼蘇達雙城,明尼蘇達雙城,0.5425,明尼蘇達雙城,Final,4-3,洛杉磯天使,wrong,True
2026-07-10,2026-07-11 08:05,2026-07-11T00:05:00Z,一般預測,休士頓太空人 @ 德州遊騎兵,德州遊騎兵,0.5395,德州遊騎兵,Final,3-7,德州遊騎兵,correct,True
2026-07-10,2026-07-11 07:40,2026-07-10T23:40:00Z,一般預測,運動家 @ 芝加哥白襪,芝加哥白襪,0.5357,芝加哥白襪,Final,1-14,芝加哥白襪,correct,True
2026-07-10,2026-07-11 07:15,2026-07-10T23:15:00Z,一般預測,波士頓紅襪 @ 紐約大都會,波士頓紅襪,0.5066,波士頓紅襪,Final,6-2,波士頓紅襪,correct,True
2026-07-10,2026-07-11 07:10,2026-07-10T23:10:00Z,一般預測,芝加哥小熊 @ 辛辛那提紅人,芝加哥小熊,0.5217,芝加哥小熊,Final,0-4,辛辛那提紅人,wrong,True
2026-07-10,2026-07-11 07:10,2026-07-10T23:10:00Z,一般預測,克里夫蘭守護者 @ 邁阿密馬林魚,邁阿密馬林魚,0.512,邁阿密馬林魚,Final,3-2,克里夫蘭守護者,wrong,True
2026-07-10,2026-07-11 07:10,2026-07-10T23:10:00Z,一般預測,西雅圖水手 @ 坦帕灣光芒,坦帕灣光芒,0.5136,坦帕灣光芒,Final,2-7,坦帕灣光芒,correct,True
2026-07-10,2026-07-11 07:05,2026-07-10T23:05:00Z,一般預測,堪薩斯市皇家 @ 巴爾的摩金鶯,巴爾的摩金鶯,0.5038,巴爾的摩金鶯,Final,3-5,巴爾的摩金鶯,correct,True
2026-07-10,2026-07-11 06:45,2026-07-10T22:45:00Z,模型分歧,紐約洋基 @ 華盛頓國民,紐約洋基,0.561,華盛頓國民,Final,5-3,紐約洋基,correct,True
2026-07-10,2026-07-11 06:40,2026-07-10T22:40:00Z,一般預測,費城費城人 @ 底特律老虎,底特律老虎,0.5146,底特律老虎,Final,2-10,底特律老虎,correct,True
2026-07-10,2026-07-11 06:40,2026-07-10T22:40:00Z,模型分歧,密爾瓦基釀酒人 @ 匹茲堡海盜,密爾瓦基釀酒人,0.5411,密爾瓦基釀酒人,Postponed,,,pending,False
2026-07-09,2026-07-10 09:45,2026-07-10T01:45:00Z,模型分歧,科羅拉多洛磯 @ 舊金山巨人,舊金山巨人,0.6141,舊金山巨人,Final,2-8,舊金山巨人,correct,True
2026-07-09,2026-07-10 09:40,2026-07-10T01:40:00Z,一般預測,亞利桑那響尾蛇 @ 聖地牙哥教士,聖地牙哥教士,0.5334,聖地牙哥教士,Final,3-1,亞利桑那響尾蛇,wrong,True
2026-07-09,2026-07-10 08:05,2026-07-10T00:05:00Z,模型分歧,洛杉磯天使 @ 德州遊騎兵,德州遊騎兵,0.5782,德州遊騎兵,Final,6-7,德州遊騎兵,correct,True
2026-07-09,2026-07-10 07:45,2026-07-09T23:45:00Z,模型分歧,密爾瓦基釀酒人 @ 聖路易紅雀,密爾瓦基釀酒人,0.5464,密爾瓦基釀酒人,Final,8-4,密爾瓦基釀酒人,correct,True
2026-07-09,2026-07-10 07:10,2026-07-09T23:10:00Z,一般預測,費城費城人 @ 辛辛那提紅人,費城費城人,0.5083,費城費城人,Final,1-0,費城費城人,correct,True
2026-07-09,2026-07-10 06:40,2026-07-09T22:40:00Z,模型分歧,運動家 @ 底特律老虎,底特律老虎,0.5697,底特律老虎,Final,1-4,底特律老虎,correct,True
2026-07-09,2026-07-10 06:40,2026-07-09T22:40:00Z,模型分歧,西雅圖水手 @ 邁阿密馬林魚,西雅圖水手,0.5117,邁阿密馬林魚,Final,4-8,邁阿密馬林魚,wrong,True
2026-07-09,2026-07-10 02:10,2026-07-09T18:10:00Z,一般預測,波士頓紅襪 @ 芝加哥白襪,波士頓紅襪,0.5225,波士頓紅襪,Final,2-1,波士頓紅襪,correct,True
2026-07-09,2026-07-10 01:40,2026-07-09T17:40:00Z,一般預測,克里夫蘭守護者 @ 明尼蘇達雙城,明尼蘇達雙城,0.5027,明尼蘇達雙城,Final,5-2,克里夫蘭守護者,wrong,True
2026-07-09,2026-07-10 01:35,2026-07-09T17:35:00Z,一般預測,芝加哥小熊 @ 巴爾的摩金鶯,芝加哥小熊,0.5459,芝加哥小熊,Final,2-3,巴爾的摩金鶯,wrong,True
2026-07-09,2026-07-10 01:10,2026-07-09T17:10:00Z,模型分歧,堪薩斯市皇家 @ 紐約大都會,紐約大都會,0.5306,堪薩斯市皇家,Final,3-7,紐約大都會,correct,True
2026-07-09,2026-07-10 01:10,2026-07-09T17:10:00Z,模型分歧,紐約洋基 @ 坦帕灣光芒,紐約洋基,0.5093,坦帕灣光芒,Final,12-4,紐約洋基,correct,True
2026-07-09,2026-07-10 00:35,2026-07-09T16:35:00Z,模型分歧,亞特蘭大勇士 @ 匹茲堡海盜,亞特蘭大勇士,0.5002,匹茲堡海盜,Final,10-5,亞特蘭大勇士,correct,True
2026-07-08,2026-07-09 10:10,2026-07-09T02:10:00Z,高信心預測,科羅拉多洛磯 @ 洛杉磯道奇,洛杉磯道奇,0.6725,洛杉磯道奇,Final,3-4,洛杉磯道奇,correct,True
2026-07-08,2026-07-09 10:10,2026-07-09T02:10:00Z,模型分歧,亞利桑那響尾蛇 @ 聖地牙哥教士,聖地牙哥教士,0.5311,亞利桑那響尾蛇,Final,4-10,聖地牙哥教士,correct,True
2026-07-08,2026-07-09 08:05,2026-07-09T00:05:00Z,高信心預測,洛杉磯天使 @ 德州遊騎兵,德州遊騎兵,0.5838,德州遊騎兵,Final,13-1,洛杉磯天使,wrong,True
2026-07-08,2026-07-09 07:45,2026-07-08T23:45:00Z,模型分歧,密爾瓦基釀酒人 @ 聖路易紅雀,密爾瓦基釀酒人,0.548,密爾瓦基釀酒人,Final,1-5,聖路易紅雀,wrong,True
2026-07-08,2026-07-09 07:40,2026-07-08T23:40:00Z,模型分歧,波士頓紅襪 @ 芝加哥白襪,波士頓紅襪,0.5206,波士頓紅襪,Final,5-0,波士頓紅襪,correct,True
2026-07-08,2026-07-09 07:40,2026-07-08T23:40:00Z,一般預測,克里夫蘭守護者 @ 明尼蘇達雙城,明尼蘇達雙城,0.5022,明尼蘇達雙城,Final,5-6,明尼蘇達雙城,correct,True
2026-07-08,2026-07-09 07:10,2026-07-08T23:10:00Z,一般預測,費城費城人 @ 辛辛那提紅人,費城費城人,0.5108,費城費城人,Final,5-11,辛辛那提紅人,wrong,True
2026-07-08,2026-07-09 07:10,2026-07-08T23:10:00Z,模型分歧,堪薩斯市皇家 @ 紐約大都會,紐約大都會,0.5289,堪薩斯市皇家,Final,2-6,紐約大都會,correct,True
2026-07-08,2026-07-09 06:45,2026-07-08T22:45:00Z,模型分歧,休士頓太空人 @ 華盛頓國民,休士頓太空人,0.5147,休士頓太空人,Final,2-8,華盛頓國民,wrong,True
2026-07-08,2026-07-09 06:40,2026-07-08T22:40:00Z,模型分歧,運動家 @ 底特律老虎,底特律老虎,0.5678,底特律老虎,Final,1-6,底特律老虎,correct,True
2026-07-08,2026-07-09 06:40,2026-07-08T22:40:00Z,模型分歧,西雅圖水手 @ 邁阿密馬林魚,西雅圖水手,0.5125,邁阿密馬林魚,Final,0-2,邁阿密馬林魚,wrong,True
2026-07-08,2026-07-09 06:40,2026-07-08T22:40:00Z,一般預測,亞特蘭大勇士 @ 匹茲堡海盜,匹茲堡海盜,0.501,匹茲堡海盜,Final,3-0,亞特蘭大勇士,wrong,True
2026-07-08,2026-07-09 06:40,2026-07-08T22:40:00Z,模型分歧,紐約洋基 @ 坦帕灣光芒,紐約洋基,0.5104,坦帕灣光芒,Final,0-3,坦帕灣光芒,wrong,True
2026-07-08,2026-07-09 06:35,2026-07-08T22:35:00Z,一般預測,芝加哥小熊 @ 巴爾的摩金鶯,芝加哥小熊,0.5456,芝加哥小熊,Final,9-7,芝加哥小熊,correct,True
2026-07-08,2026-07-09 03:45,2026-07-08T19:45:00Z,一般預測,多倫多藍鳥 @ 舊金山巨人,舊金山巨人,0.5059,舊金山巨人,Final,10-0,多倫多藍鳥,wrong,True
2026-07-07,2026-07-08 10:10,2026-07-08T02:10:00Z,模型分歧,科羅拉多洛磯 @ 洛杉磯道奇,洛杉磯道奇,0.6733,洛杉磯道奇,Final,4-3,科羅拉多洛磯,wrong,True
2026-07-07,2026-07-08 09:45,2026-07-08T01:45:00Z,一般預測,多倫多藍鳥 @ 舊金山巨人,舊金山巨人,0.5083,舊金山巨人,Final,9-3,多倫多藍鳥,wrong,True
2026-07-07,2026-07-08 09:40,2026-07-08T01:40:00Z,模型分歧,亞利桑那響尾蛇 @ 聖地牙哥教士,聖地牙哥教士,0.5299,亞利桑那響尾蛇,Final,1-4,聖地牙哥教士,correct,True
2026-07-07,2026-07-08 08:05,2026-07-08T00:05:00Z,模型分歧,洛杉磯天使 @ 德州遊騎兵,德州遊騎兵,0.5819,德州遊騎兵,Final,3-8,德州遊騎兵,correct,True
2026-07-07,2026-07-08 07:45,2026-07-07T23:45:00Z,模型分歧,密爾瓦基釀酒人 @ 聖路易紅雀,密爾瓦基釀酒人,0.5453,密爾瓦基釀酒人,Final,10-2,密爾瓦基釀酒人,correct,True
2026-07-07,2026-07-08 07:40,2026-07-07T23:40:00Z,模型分歧,波士頓紅襪 @ 芝加哥白襪,波士頓紅襪,0.5179,波士頓紅襪,Final,8-1,波士頓紅襪,correct,True
2026-07-07,2026-07-08 07:40,2026-07-07T23:40:00Z,一般預測,克里夫蘭守護者 @ 明尼蘇達雙城,明尼蘇達雙城,0.5013,明尼蘇達雙城,Final,1-3,明尼蘇達雙城,correct,True
2026-07-07,2026-07-08 07:10,2026-07-07T23:10:00Z,一般預測,費城費城人 @ 辛辛那提紅人,費城費城人,0.5097,費城費城人,Final,4-1,費城費城人,correct,True
2026-07-07,2026-07-08 07:10,2026-07-07T23:10:00Z,模型分歧,堪薩斯市皇家 @ 紐約大都會,紐約大都會,0.5307,紐約大都會,Final,16-12,堪薩斯市皇家,wrong,True
2026-07-07,2026-07-08 06:45,2026-07-07T22:45:00Z,模型分歧,休士頓太空人 @ 華盛頓國民,休士頓太空人,0.5136,華盛頓國民,Final,6-3,休士頓太空人,correct,True
2026-07-07,2026-07-08 06:40,2026-07-07T22:40:00Z,模型分歧,運動家 @ 底特律老虎,底特律老虎,0.5664,底特律老虎,Final,2-6,底特律老虎,correct,True
2026-07-07,2026-07-08 06:40,2026-07-07T22:40:00Z,模型分歧,西雅圖水手 @ 邁阿密馬林魚,西雅圖水手,0.5131,邁阿密馬林魚,Final,5-6,邁阿密馬林魚,wrong,True
2026-07-07,2026-07-08 06:40,2026-07-07T22:40:00Z,模型分歧,亞特蘭大勇士 @ 匹茲堡海盜,亞特蘭大勇士,0.5024,匹茲堡海盜,Final,4-12,匹茲堡海盜,wrong,True
2026-07-07,2026-07-08 06:40,2026-07-07T22:40:00Z,一般預測,紐約洋基 @ 坦帕灣光芒,紐約洋基,0.5112,坦帕灣光芒,Final,4-6,坦帕灣光芒,wrong,True
2026-07-07,2026-07-08 06:35,2026-07-07T22:35:00Z,一般預測,芝加哥小熊 @ 巴爾的摩金鶯,芝加哥小熊,0.5447,芝加哥小熊,Final,5-2,芝加哥小熊,correct,True
2026-07-07,2026-07-08 02:15,2026-07-07T18:15:00Z,模型分歧,密爾瓦基釀酒人 @ 聖路易紅雀,密爾瓦基釀酒人,0.5453,密爾瓦基釀酒人,Final,4-3,密爾瓦基釀酒人,correct,True
2026-07-06,2026-07-07 10:10,2026-07-07T02:10:00Z,模型分歧,科羅拉多洛磯 @ 洛杉磯道奇,洛杉磯道奇,0.6738,洛杉磯道奇,Final,7-8,洛杉磯道奇,correct,True
2026-07-06,2026-07-07 09:45,2026-07-07T01:45:00Z,一般預測,多倫多藍鳥 @ 舊金山巨人,舊金山巨人,0.5046,舊金山巨人,Final,1-10,舊金山巨人,correct,True
2026-07-06,2026-07-07 09:40,2026-07-07T01:40:00Z,模型分歧,亞利桑那響尾蛇 @ 聖地牙哥教士,聖地牙哥教士,0.5332,亞利桑那響尾蛇,Final,8-0,亞利桑那響尾蛇,wrong,True
2026-07-06,2026-07-07 07:45,2026-07-06T23:45:00Z,模型分歧,密爾瓦基釀酒人 @ 聖路易紅雀,密爾瓦基釀酒人,0.5451,密爾瓦基釀酒人,Final,4-3,密爾瓦基釀酒人,correct,True
2026-07-06,2026-07-07 07:15,2026-07-06T23:15:00Z,模型分歧,紐約大都會 @ 亞特蘭大勇士,亞特蘭大勇士,0.5384,亞特蘭大勇士,Final,7-6,紐約大都會,wrong,True
2026-07-06,2026-07-07 06:45,2026-07-06T22:45:00Z,模型分歧,休士頓太空人 @ 華盛頓國民,休士頓太空人,0.5144,休士頓太空人,Final,11-12,華盛頓國民,wrong,True
2026-07-06,2026-07-07 06:40,2026-07-06T22:40:00Z,一般預測,紐約洋基 @ 坦帕灣光芒,紐約洋基,0.5098,坦帕灣光芒,Final,5-1,紐約洋基,correct,True
2026-07-06,2026-07-07 02:10,2026-07-06T18:10:00Z,一般預測,費城費城人 @ 堪薩斯市皇家,費城費城人,0.5224,費城費城人,Final,1-15,堪薩斯市皇家,wrong,True
2026-07-05,2026-07-06 09:30,2026-07-06T01:30:00Z,一般預測,波士頓紅襪 @ 洛杉磯天使,波士頓紅襪,0.5492,波士頓紅襪,Final,7-5,波士頓紅襪,correct,True
2026-07-05,2026-07-06 07:20,2026-07-05T23:20:00Z,高信心預測,聖地牙哥教士 @ 洛杉磯道奇,洛杉磯道奇,0.5654,洛杉磯道奇,Final,5-2,聖地牙哥教士,wrong,True
2026-07-05,2026-07-06 05:00,2026-07-05T21:00:00Z,一般預測,多倫多藍鳥 @ 西雅圖水手,西雅圖水手,0.5315,西雅圖水手,Final,0-4,西雅圖水手,correct,True
2026-07-05,2026-07-06 04:30,2026-07-05T20:30:00Z,一般預測,邁阿密馬林魚 @ 運動家,運動家,0.5026,邁阿密馬林魚,Final,9-8,邁阿密馬林魚,wrong,True
2026-07-05,2026-07-06 04:00,2026-07-05T20:00:00Z,一般預測,密爾瓦基釀酒人 @ 亞利桑那響尾蛇,密爾瓦基釀酒人,0.5388,密爾瓦基釀酒人,Final,3-2,密爾瓦基釀酒人,correct,True
2026-07-05,2026-07-06 04:00,2026-07-05T20:00:00Z,高信心預測,舊金山巨人 @ 科羅拉多洛磯,舊金山巨人,0.5775,舊金山巨人,Final,6-7,科羅拉多洛磯,wrong,True
2026-07-05,2026-07-06 03:30,2026-07-05T19:30:00Z,一般預測,坦帕灣光芒 @ 休士頓太空人,休士頓太空人,0.5008,坦帕灣光芒,Final,0-2,休士頓太空人,correct,True
2026-07-05,2026-07-06 03:30,2026-07-05T19:30:00Z,一般預測,底特律老虎 @ 德州遊騎兵,德州遊騎兵,0.521,德州遊騎兵,Final,6-3,底特律老虎,wrong,True
2026-07-05,2026-07-06 03:00,2026-07-05T19:00:00Z,一般預測,費城費城人 @ 堪薩斯市皇家,費城費城人,0.5238,費城費城人,Final,2-5,堪薩斯市皇家,wrong,True
2026-07-05,2026-07-06 02:30,2026-07-05T18:30:00Z,高信心預測,聖路易紅雀 @ 芝加哥小熊,芝加哥小熊,0.5663,芝加哥小熊,Final,4-6,芝加哥小熊,correct,True
2026-07-05,2026-07-06 02:00,2026-07-05T18:00:00Z,一般預測,芝加哥白襪 @ 克里夫蘭守護者,克里夫蘭守護者,0.5315,克里夫蘭守護者,Final,7-6,芝加哥白襪,wrong,True
2026-07-05,2026-07-06 01:35,2026-07-05T17:35:00Z,一般預測,明尼蘇達雙城 @ 紐約洋基,紐約洋基,0.5875,明尼蘇達雙城,Final,6-1,明尼蘇達雙城,wrong,True
2026-07-05,2026-07-06 01:05,2026-07-05T17:05:00Z,一般預測,巴爾的摩金鶯 @ 辛辛那提紅人,辛辛那提紅人,0.5427,巴爾的摩金鶯,Final,2-3,辛辛那提紅人,correct,True
2026-07-05,2026-07-06 01:00,2026-07-05T17:00:00Z,一般預測,匹茲堡海盜 @ 華盛頓國民,匹茲堡海盜,0.5105,華盛頓國民,Final,11-5,匹茲堡海盜,correct,True
2026-07-05,2026-07-06 00:30,2026-07-05T16:30:00Z,一般預測,紐約大都會 @ 亞特蘭大勇士,亞特蘭大勇士,0.539,亞特蘭大勇士,Final,10-9,紐約大都會,wrong,True
2026-07-04,2026-07-05 10:10,2026-07-05T02:10:00Z,高信心預測,聖地牙哥教士 @ 洛杉磯道奇,洛杉磯道奇,0.5643,洛杉磯道奇,Final,0-3,洛杉磯道奇,correct,True
2026-07-04,2026-07-05 09:40,2026-07-05T01:40:00Z,一般預測,密爾瓦基釀酒人 @ 亞利桑那響尾蛇,密爾瓦基釀酒人,0.5393,密爾瓦基釀酒人,Final,3-4,亞利桑那響尾蛇,wrong,True
2026-07-04,2026-07-05 09:40,2026-07-05T01:40:00Z,一般預測,邁阿密馬林魚 @ 運動家,運動家,0.5047,邁阿密馬林魚,Final,7-2,邁阿密馬林魚,wrong,True
2026-07-04,2026-07-05 09:38,2026-07-05T01:38:00Z,一般預測,波士頓紅襪 @ 洛杉磯天使,波士頓紅襪,0.5466,波士頓紅襪,Final,8-1,波士頓紅襪,correct,True
2026-07-04,2026-07-05 08:10,2026-07-05T00:10:00Z,高信心預測,舊金山巨人 @ 科羅拉多洛磯,舊金山巨人,0.577,舊金山巨人,Final,6-4,舊金山巨人,correct,True
2026-07-04,2026-07-05 08:10,2026-07-05T00:10:00Z,一般預測,費城費城人 @ 堪薩斯市皇家,費城費城人,0.5218,費城費城人,Final,6-1,費城費城人,correct,True
2026-07-04,2026-07-05 08:08,2026-07-05T00:08:00Z,一般預測,紐約大都會 @ 亞特蘭大勇士,亞特蘭大勇士,0.5347,亞特蘭大勇士,Final,3-14,亞特蘭大勇士,correct,True
2026-07-04,2026-07-05 08:08,2026-07-05T00:08:00Z,高信心預測,聖路易紅雀 @ 芝加哥小熊,芝加哥小熊,0.5675,芝加哥小熊,Final,3-0,聖路易紅雀,wrong,True
2026-07-04,2026-07-05 07:10,2026-07-04T23:10:00Z,一般預測,巴爾的摩金鶯 @ 辛辛那提紅人,辛辛那提紅人,0.5441,巴爾的摩金鶯,Final,8-5,巴爾的摩金鶯,wrong,True
2026-07-04,2026-07-05 07:10,2026-07-04T23:10:00Z,一般預測,芝加哥白襪 @ 克里夫蘭守護者,克里夫蘭守護者,0.5324,克里夫蘭守護者,Final,3-1,芝加哥白襪,wrong,True
2026-07-04,2026-07-05 07:10,2026-07-04T23:10:00Z,一般預測,坦帕灣光芒 @ 休士頓太空人,坦帕灣光芒,0.5002,坦帕灣光芒,Final,8-10,休士頓太空人,wrong,True
2026-07-04,2026-07-05 04:10,2026-07-04T20:10:00Z,一般預測,多倫多藍鳥 @ 西雅圖水手,西雅圖水手,0.5272,西雅圖水手,Final,0-11,西雅圖水手,correct,True
2026-07-04,2026-07-05 04:05,2026-07-04T20:05:00Z,一般預測,底特律老虎 @ 德州遊騎兵,德州遊騎兵,0.5222,德州遊騎兵,Final,3-0,底特律老虎,wrong,True
2026-07-04,2026-07-05 01:35,2026-07-04T17:35:00Z,高信心預測,明尼蘇達雙城 @ 紐約洋基,紐約洋基,0.5904,紐約洋基,Final,11-4,明尼蘇達雙城,wrong,True
2026-07-04,2026-07-04 23:05,2026-07-04T15:05:00Z,一般預測,匹茲堡海盜 @ 華盛頓國民,匹茲堡海盜,0.5081,華盛頓國民,Final,7-1,匹茲堡海盜,correct,True
2026-07-03,2026-07-04 10:10,2026-07-04T02:10:00Z,高信心預測,聖地牙哥教士 @ 洛杉磯道奇,洛杉磯道奇,0.5641,洛杉磯道奇,Final,3-4,洛杉磯道奇,correct,True
2026-07-03,2026-07-04 10:10,2026-07-04T02:10:00Z,一般預測,多倫多藍鳥 @ 西雅圖水手,西雅圖水手,0.528,西雅圖水手,Final,2-0,多倫多藍鳥,wrong,True
2026-07-03,2026-07-04 09:45,2026-07-04T01:45:00Z,一般預測,密爾瓦基釀酒人 @ 亞利桑那響尾蛇,密爾瓦基釀酒人,0.5385,密爾瓦基釀酒人,Final,7-4,密爾瓦基釀酒人,correct,True
2026-07-03,2026-07-04 09:40,2026-07-04T01:40:00Z,一般預測,邁阿密馬林魚 @ 運動家,運動家,0.5075,邁阿密馬林魚,Final,12-5,邁阿密馬林魚,wrong,True
2026-07-03,2026-07-04 09:38,2026-07-04T01:38:00Z,一般預測,波士頓紅襪 @ 洛杉磯天使,波士頓紅襪,0.5456,波士頓紅襪,Final,5-2,波士頓紅襪,correct,True
2026-07-03,2026-07-04 08:15,2026-07-04T00:15:00Z,一般預測,坦帕灣光芒 @ 休士頓太空人,休士頓太空人,0.5006,坦帕灣光芒,Final,3-1,坦帕灣光芒,wrong,True
2026-07-03,2026-07-04 08:10,2026-07-04T00:10:00Z,高信心預測,舊金山巨人 @ 科羅拉多洛磯,舊金山巨人,0.5832,舊金山巨人,Final,3-15,科羅拉多洛磯,wrong,True
2026-07-03,2026-07-04 07:15,2026-07-03T23:15:00Z,一般預測,紐約大都會 @ 亞特蘭大勇士,亞特蘭大勇士,0.534,亞特蘭大勇士,Final,3-5,亞特蘭大勇士,correct,True
2026-07-03,2026-07-04 07:10,2026-07-03T23:10:00Z,一般預測,巴爾的摩金鶯 @ 辛辛那提紅人,辛辛那提紅人,0.5454,辛辛那提紅人,Final,3-0,巴爾的摩金鶯,wrong,True
2026-07-03,2026-07-04 07:10,2026-07-03T23:10:00Z,一般預測,芝加哥白襪 @ 克里夫蘭守護者,克里夫蘭守護者,0.532,克里夫蘭守護者,Final,3-4,克里夫蘭守護者,correct,True
2026-07-03,2026-07-04 07:05,2026-07-03T23:05:00Z,一般預測,明尼蘇達雙城 @ 紐約洋基,紐約洋基,0.5895,明尼蘇達雙城,Final,2-5,紐約洋基,correct,True
2026-07-03,2026-07-04 06:45,2026-07-03T22:45:00Z,一般預測,匹茲堡海盜 @ 華盛頓國民,匹茲堡海盜,0.51,華盛頓國民,Final,5-9,華盛頓國民,wrong,True
2026-07-03,2026-07-04 04:05,2026-07-03T20:05:00Z,高信心預測,聖路易紅雀 @ 芝加哥小熊,芝加哥小熊,0.574,芝加哥小熊,Final,17-1,聖路易紅雀,wrong,True
2026-07-02,2026-07-03 10:10,2026-07-03T02:10:00Z,高信心預測,聖地牙哥教士 @ 洛杉磯道奇,洛杉磯道奇,0.5625,洛杉磯道奇,Final,7-12,洛杉磯道奇,correct,True
2026-07-02,2026-07-03 09:40,2026-07-03T01:40:00Z,高信心預測,洛杉磯天使 @ 西雅圖水手,西雅圖水手,0.5814,西雅圖水手,Final,0-1,西雅圖水手,correct,True
2026-07-02,2026-07-03 08:05,2026-07-03T00:05:00Z,一般預測,底特律老虎 @ 德州遊騎兵,德州遊騎兵,0.5198,德州遊騎兵,Final,4-10,德州遊騎兵,correct,True
2026-07-02,2026-07-03 07:40,2026-07-02T23:40:00Z,一般預測,坦帕灣光芒 @ 堪薩斯市皇家,坦帕灣光芒,0.5085,坦帕灣光芒,Final,5-2,坦帕灣光芒,correct,True
2026-07-02,2026-07-03 07:15,2026-07-02T23:15:00Z,高信心預測,聖路易紅雀 @ 亞特蘭大勇士,亞特蘭大勇士,0.5518,亞特蘭大勇士,Final,11-5,聖路易紅雀,wrong,True
2026-07-02,2026-07-03 06:40,2026-07-02T22:40:00Z,一般預測,芝加哥白襪 @ 克里夫蘭守護者,克里夫蘭守護者,0.5316,芝加哥白襪,Final,5-6,克里夫蘭守護者,correct,True
2026-07-02,2026-07-03 03:10,2026-07-02T19:10:00Z,高信心預測,邁阿密馬林魚 @ 科羅拉多洛磯,邁阿密馬林魚,0.579,邁阿密馬林魚,Final,4-14,科羅拉多洛磯,wrong,True
2026-07-02,2026-07-03 02:10,2026-07-02T18:10:00Z,高信心預測,辛辛那提紅人 @ 密爾瓦基釀酒人,密爾瓦基釀酒人,0.5812,密爾瓦基釀酒人,Final,7-2,辛辛那提紅人,wrong,True
2026-07-02,2026-07-03 00:35,2026-07-02T16:35:00Z,高信心預測,匹茲堡海盜 @ 費城費城人,費城費城人,0.5567,費城費城人,Final,6-1,匹茲堡海盜,wrong,True
2026-07-01,2026-07-02 09:40,2026-07-02T01:40:00Z,一般預測,舊金山巨人 @ 亞利桑那響尾蛇,亞利桑那響尾蛇,0.523,亞利桑那響尾蛇,Final,6-4,舊金山巨人,wrong,True
2026-07-01,2026-07-02 09:40,2026-07-02T01:40:00Z,高信心預測,洛杉磯道奇 @ 運動家,洛杉磯道奇,0.5629,洛杉磯道奇,Final,1-7,運動家,wrong,True
2026-07-01,2026-07-02 08:40,2026-07-02T00:40:00Z,高信心預測,邁阿密馬林魚 @ 科羅拉多洛磯,邁阿密馬林魚,0.5808,邁阿密馬林魚,Final,3-6,科羅拉多洛磯,wrong,True
2026-07-01,2026-07-02 08:10,2026-07-02T00:10:00Z,一般預測,明尼蘇達雙城 @ 休士頓太空人,休士頓太空人,0.5415,休士頓太空人,Final,8-3,明尼蘇達雙城,wrong,True
2026-07-01,2026-07-02 08:10,2026-07-02T00:10:00Z,高信心預測,辛辛那提紅人 @ 密爾瓦基釀酒人,密爾瓦基釀酒人,0.5806,密爾瓦基釀酒人,Final,2-4,密爾瓦基釀酒人,correct,True
2026-07-01,2026-07-02 07:40,2026-07-01T23:40:00Z,一般預測,坦帕灣光芒 @ 堪薩斯市皇家,坦帕灣光芒,0.5068,坦帕灣光芒,Final,4-0,坦帕灣光芒,correct,True
2026-07-01,2026-07-02 07:15,2026-07-01T23:15:00Z,高信心預測,聖路易紅雀 @ 亞特蘭大勇士,亞特蘭大勇士,0.5502,亞特蘭大勇士,Final,1-5,亞特蘭大勇士,correct,True
2026-07-01,2026-07-02 06:40,2026-07-01T22:40:00Z,高信心預測,匹茲堡海盜 @ 費城費城人,費城費城人,0.5553,費城費城人,Final,6-10,費城費城人,correct,True
2026-07-01,2026-07-02 03:07,2026-07-01T19:07:00Z,一般預測,紐約大都會 @ 多倫多藍鳥,多倫多藍鳥,0.5268,多倫多藍鳥,Final,3-9,多倫多藍鳥,correct,True
2026-07-01,2026-07-02 02:20,2026-07-01T18:20:00Z,一般預測,聖地牙哥教士 @ 芝加哥小熊,芝加哥小熊,0.542,芝加哥小熊,Final,3-23,芝加哥小熊,correct,True
2026-07-01,2026-07-02 01:35,2026-07-01T17:35:00Z,高信心預測,華盛頓國民 @ 波士頓紅襪,波士頓紅襪,0.5827,波士頓紅襪,Final,10-2,華盛頓國民,wrong,True
2026-07-01,2026-07-02 01:35,2026-07-01T17:35:00Z,一般預測,底特律老虎 @ 紐約洋基,紐約洋基,0.5511,底特律老虎,Final,6-2,底特律老虎,wrong,True
2026-07-01,2026-07-02 01:10,2026-07-01T17:10:00Z,一般預測,德州遊騎兵 @ 克里夫蘭守護者,德州遊騎兵,0.5015,德州遊騎兵,Final,4-9,克里夫蘭守護者,wrong,True
2026-07-01,2026-07-02 00:35,2026-07-01T16:35:00Z,一般預測,芝加哥白襪 @ 巴爾的摩金鶯,巴爾的摩金鶯,0.5026,芝加哥白襪,Final,1-6,巴爾的摩金鶯,correct,True
2026-06-30,2026-07-01 09:40,2026-07-01T01:40:00Z,一般預測,舊金山巨人 @ 亞利桑那響尾蛇,亞利桑那響尾蛇,0.5205,亞利桑那響尾蛇,Final,2-8,亞利桑那響尾蛇,correct,True
2026-06-30,2026-07-01 09:40,2026-07-01T01:40:00Z,高信心預測,洛杉磯道奇 @ 運動家,洛杉磯道奇,0.5612,洛杉磯道奇,Final,9-3,洛杉磯道奇,correct,True
2026-06-30,2026-07-01 09:40,2026-07-01T01:40:00Z,高信心預測,洛杉磯天使 @ 西雅圖水手,西雅圖水手,0.5796,西雅圖水手,Final,3-8,西雅圖水手,correct,True
2026-06-30,2026-07-01 08:40,2026-07-01T00:40:00Z,高信心預測,邁阿密馬林魚 @ 科羅拉多洛磯,邁阿密馬林魚,0.5765,邁阿密馬林魚,Final,14-3,邁阿密馬林魚,correct,True
2026-06-30,2026-07-01 08:10,2026-07-01T00:10:00Z,一般預測,明尼蘇達雙城 @ 休士頓太空人,休士頓太空人,0.5407,休士頓太空人,Final,4-6,休士頓太空人,correct,True
2026-06-30,2026-07-01 08:05,2026-07-01T00:05:00Z,一般預測,聖地牙哥教士 @ 芝加哥小熊,芝加哥小熊,0.5414,芝加哥小熊,Final,7-9,芝加哥小熊,correct,True
2026-06-30,2026-07-01 07:40,2026-06-30T23:40:00Z,一般預測,坦帕灣光芒 @ 堪薩斯市皇家,坦帕灣光芒,0.5043,坦帕灣光芒,Final,10-4,坦帕灣光芒,correct,True
2026-06-30,2026-07-01 07:40,2026-06-30T23:40:00Z,高信心預測,辛辛那提紅人 @ 密爾瓦基釀酒人,密爾瓦基釀酒人,0.579,密爾瓦基釀酒人,Final,2-7,密爾瓦基釀酒人,correct,True
2026-06-30,2026-07-01 07:15,2026-06-30T23:15:00Z,高信心預測,聖路易紅雀 @ 亞特蘭大勇士,亞特蘭大勇士,0.5511,亞特蘭大勇士,Final,5-3,聖路易紅雀,wrong,True
2026-06-30,2026-07-01 07:10,2026-06-30T23:10:00Z,高信心預測,華盛頓國民 @ 波士頓紅襪,波士頓紅襪,0.5858,波士頓紅襪,Final,8-1,華盛頓國民,wrong,True
2026-06-30,2026-07-01 07:07,2026-06-30T23:07:00Z,一般預測,紐約大都會 @ 多倫多藍鳥,多倫多藍鳥,0.528,多倫多藍鳥,Final,3-0,紐約大都會,wrong,True
2026-06-30,2026-07-01 07:05,2026-06-30T23:05:00Z,一般預測,底特律老虎 @ 紐約洋基,紐約洋基,0.5534,底特律老虎,Final,9-3,底特律老虎,wrong,True
2026-06-30,2026-07-01 06:40,2026-06-30T22:40:00Z,一般預測,德州遊騎兵 @ 克里夫蘭守護者,德州遊騎兵,0.5007,德州遊騎兵,Final,4-2,德州遊騎兵,correct,True
2026-06-30,2026-07-01 06:40,2026-06-30T22:40:00Z,高信心預測,匹茲堡海盜 @ 費城費城人,費城費城人,0.5521,費城費城人,Final,0-8,費城費城人,correct,True
2026-06-30,2026-07-01 06:35,2026-06-30T22:35:00Z,一般預測,芝加哥白襪 @ 巴爾的摩金鶯,巴爾的摩金鶯,0.5052,芝加哥白襪,Final,9-3,芝加哥白襪,wrong,True
2026-06-29,2026-06-30 09:40,2026-06-30T01:40:00Z,一般預測,舊金山巨人 @ 亞利桑那響尾蛇,亞利桑那響尾蛇,0.52,舊金山巨人,Final,4-5,亞利桑那響尾蛇,correct,True
2026-06-29,2026-06-30 09:40,2026-06-30T01:40:00Z,高信心預測,洛杉磯道奇 @ 運動家,洛杉磯道奇,0.5598,洛杉磯道奇,Final,9-4,洛杉磯道奇,correct,True
2026-06-29,2026-06-30 09:40,2026-06-30T01:40:00Z,一般預測,洛杉磯天使 @ 西雅圖水手,西雅圖水手,0.5782,洛杉磯天使,Final,2-6,西雅圖水手,correct,True
2026-06-29,2026-06-30 08:40,2026-06-30T00:40:00Z,高信心預測,邁阿密馬林魚 @ 科羅拉多洛磯,邁阿密馬林魚,0.5759,邁阿密馬林魚,Final,10-7,邁阿密馬林魚,correct,True
2026-06-29,2026-06-30 08:10,2026-06-30T00:10:00Z,一般預測,明尼蘇達雙城 @ 休士頓太空人,休士頓太空人,0.5412,休士頓太空人,Final,5-4,明尼蘇達雙城,wrong,True
2026-06-29,2026-06-30 08:05,2026-06-30T00:05:00Z,一般預測,聖地牙哥教士 @ 芝加哥小熊,芝加哥小熊,0.541,芝加哥小熊,Final,2-3,芝加哥小熊,correct,True
2026-06-29,2026-06-30 07:40,2026-06-29T23:40:00Z,高信心預測,辛辛那提紅人 @ 密爾瓦基釀酒人,密爾瓦基釀酒人,0.5784,密爾瓦基釀酒人,Final,3-5,密爾瓦基釀酒人,correct,True
2026-06-29,2026-06-30 07:10,2026-06-29T23:10:00Z,高信心預測,華盛頓國民 @ 波士頓紅襪,波士頓紅襪,0.5848,波士頓紅襪,Final,3-6,波士頓紅襪,correct,True
2026-06-29,2026-06-30 07:10,2026-06-29T23:10:00Z,一般預測,德州遊騎兵 @ 克里夫蘭守護者,克里夫蘭守護者,0.5006,德州遊騎兵,Final,6-3,德州遊騎兵,wrong,True
2026-06-29,2026-06-30 07:07,2026-06-29T23:07:00Z,一般預測,紐約大都會 @ 多倫多藍鳥,多倫多藍鳥,0.5276,多倫多藍鳥,Final,1-2,多倫多藍鳥,correct,True
2026-06-29,2026-06-30 07:05,2026-06-29T23:05:00Z,一般預測,底特律老虎 @ 紐約洋基,紐約洋基,0.5549,底特律老虎,Final,7-3,底特律老虎,wrong,True
2026-06-29,2026-06-30 06:40,2026-06-29T22:40:00Z,高信心預測,匹茲堡海盜 @ 費城費城人,費城費城人,0.554,費城費城人,Final,11-7,匹茲堡海盜,wrong,True
2026-06-29,2026-06-30 06:35,2026-06-29T22:35:00Z,一般預測,芝加哥白襪 @ 巴爾的摩金鶯,巴爾的摩金鶯,0.5078,芝加哥白襪,Final,8-2,芝加哥白襪,wrong,True
2026-06-28,2026-06-29 07:20,2026-06-28T23:20:00Z,一般預測,紐約洋基 @ 波士頓紅襪,紐約洋基,0.5058,波士頓紅襪,Final,4-5,波士頓紅襪,wrong,True
2026-06-28,2026-06-29 04:10,2026-06-28T20:10:00Z,一般預測,洛杉磯道奇 @ 聖地牙哥教士,洛杉磯道奇,0.5122,聖地牙哥教士,Final,4-2,洛杉磯道奇,correct,True
2026-06-28,2026-06-29 04:05,2026-06-28T20:05:00Z,一般預測,亞特蘭大勇士 @ 舊金山巨人,亞特蘭大勇士,0.5032,舊金山巨人,Final,2-3,舊金山巨人,wrong,True
2026-06-28,2026-06-29 03:15,2026-06-28T19:15:00Z,一般預測,運動家 @ 洛杉磯天使,洛杉磯天使,0.5025,運動家,Final,1-4,洛杉磯天使,correct,True
2026-06-28,2026-06-29 02:15,2026-06-28T18:15:00Z,一般預測,邁阿密馬林魚 @ 聖路易紅雀,聖路易紅雀,0.5224,邁阿密馬林魚,Final,1-2,聖路易紅雀,correct,True
2026-06-28,2026-06-29 02:10,2026-06-28T18:10:00Z,一般預測,堪薩斯市皇家 @ 芝加哥白襪,芝加哥白襪,0.5158,芝加哥白襪,Final,5-4,堪薩斯市皇家,wrong,True
2026-06-28,2026-06-29 02:10,2026-06-28T18:10:00Z,一般預測,芝加哥小熊 @ 密爾瓦基釀酒人,密爾瓦基釀酒人,0.5409,密爾瓦基釀酒人,Final,4-3,芝加哥小熊,wrong,True
2026-06-28,2026-06-29 02:10,2026-06-28T18:10:00Z,高信心預測,科羅拉多洛磯 @ 明尼蘇達雙城,明尼蘇達雙城,0.609,明尼蘇達雙城,Final,2-3,明尼蘇達雙城,correct,True
2026-06-28,2026-06-29 01:40,2026-06-28T17:40:00Z,一般預測,西雅圖水手 @ 克里夫蘭守護者,西雅圖水手,0.5003,西雅圖水手,Final,5-6,克里夫蘭守護者,wrong,True
2026-06-28,2026-06-29 01:40,2026-06-28T17:40:00Z,一般預測,休士頓太空人 @ 底特律老虎,底特律老虎,0.5397,底特律老虎,Final,7-5,休士頓太空人,wrong,True
2026-06-28,2026-06-29 01:40,2026-06-28T17:40:00Z,一般預測,費城費城人 @ 紐約大都會,費城費城人,0.5065,費城費城人,Final,5-4,費城費城人,correct,True
2026-06-28,2026-06-29 01:40,2026-06-28T17:40:00Z,一般預測,亞利桑那響尾蛇 @ 坦帕灣光芒,坦帕灣光芒,0.5345,坦帕灣光芒,Final,1-5,坦帕灣光芒,correct,True
2026-06-28,2026-06-29 01:37,2026-06-28T17:37:00Z,一般預測,德州遊騎兵 @ 多倫多藍鳥,多倫多藍鳥,0.5145,多倫多藍鳥,Final,3-2,德州遊騎兵,wrong,True
2026-06-28,2026-06-29 01:35,2026-06-28T17:35:00Z,一般預測,華盛頓國民 @ 巴爾的摩金鶯,巴爾的摩金鶯,0.5335,巴爾的摩金鶯,Final,6-4,華盛頓國民,wrong,True
2026-06-28,2026-06-29 01:35,2026-06-28T17:35:00Z,一般預測,辛辛那提紅人 @ 匹茲堡海盜,匹茲堡海盜,0.515,匹茲堡海盜,Final,4-9,匹茲堡海盜,correct,True
2026-06-27,未公布,,一般預測,華盛頓國民 @ 巴爾的摩金鶯,巴爾的摩金鶯,0.5335,巴爾的摩金鶯,Final,4-3,華盛頓國民,wrong,True
2026-06-27,未公布,,一般預測,紐約洋基 @ 波士頓紅襪,紐約洋基,0.5058,波士頓紅襪,Final,1-4,波士頓紅襪,wrong,True
2026-06-27,未公布,,一般預測,堪薩斯市皇家 @ 芝加哥白襪,芝加哥白襪,0.5158,芝加哥白襪,Final,1-2,芝加哥白襪,correct,True
2026-06-27,未公布,,一般預測,西雅圖水手 @ 克里夫蘭守護者,西雅圖水手,0.5003,西雅圖水手,Final,3-4,克里夫蘭守護者,wrong,True
2026-06-27,未公布,,一般預測,休士頓太空人 @ 底特律老虎,底特律老虎,0.5397,底特律老虎,Final,8-6,休士頓太空人,wrong,True
2026-06-27,未公布,,一般預測,運動家 @ 洛杉磯天使,洛杉磯天使,0.5025,運動家,Final,2-5,洛杉磯天使,correct,True
2026-06-27,未公布,,一般預測,芝加哥小熊 @ 密爾瓦基釀酒人,密爾瓦基釀酒人,0.5409,密爾瓦基釀酒人,Final,8-2,芝加哥小熊,wrong,True
2026-06-27,未公布,,高信心預測,科羅拉多洛磯 @ 明尼蘇達雙城,明尼蘇達雙城,0.609,明尼蘇達雙城,Final,8-5,科羅拉多洛磯,wrong,True
2026-06-27,未公布,,一般預測,費城費城人 @ 紐約大都會,費城費城人,0.5065,費城費城人,Final,2-6,紐約大都會,wrong,True
2026-06-27,未公布,,一般預測,辛辛那提紅人 @ 匹茲堡海盜,匹茲堡海盜,0.515,匹茲堡海盜,Final,9-7,辛辛那提紅人,wrong,True
2026-06-27,未公布,,一般預測,洛杉磯道奇 @ 聖地牙哥教士,洛杉磯道奇,0.5122,聖地牙哥教士,Final,15-3,洛杉磯道奇,correct,True
2026-06-27,未公布,,一般預測,亞特蘭大勇士 @ 舊金山巨人,亞特蘭大勇士,0.5032,舊金山巨人,Final,0-5,舊金山巨人,wrong,True
2026-06-27,未公布,,一般預測,邁阿密馬林魚 @ 聖路易紅雀,聖路易紅雀,0.5224,邁阿密馬林魚,Final,5-1,邁阿密馬林魚,wrong,True
2026-06-27,未公布,,一般預測,亞利桑那響尾蛇 @ 坦帕灣光芒,坦帕灣光芒,0.5345,坦帕灣光芒,Final,2-4,坦帕灣光芒,correct,True
2026-06-27,未公布,,一般預測,德州遊騎兵 @ 多倫多藍鳥,多倫多藍鳥,0.5145,多倫多藍鳥,Final,7-4,德州遊騎兵,wrong,True
2026-06-26,未公布,,一般預測,華盛頓國民 @ 巴爾的摩金鶯,巴爾的摩金鶯,0.5311,巴爾的摩金鶯,Final,1-3,巴爾的摩金鶯,correct,True
2026-06-26,未公布,,一般預測,紐約洋基 @ 波士頓紅襪,紐約洋基,0.5096,紐約洋基,Final,1-6,波士頓紅襪,wrong,True
2026-06-26,未公布,,一般預測,堪薩斯市皇家 @ 芝加哥白襪,芝加哥白襪,0.5059,芝加哥白襪,Final,1-22,芝加哥白襪,correct,True
2026-06-26,未公布,,一般預測,西雅圖水手 @ 克里夫蘭守護者,克里夫蘭守護者,0.5006,克里夫蘭守護者,Final,3-1,西雅圖水手,wrong,True
2026-06-26,未公布,,一般預測,休士頓太空人 @ 底特律老虎,底特律老虎,0.5364,休士頓太空人,Final,0-8,底特律老虎,correct,True
2026-06-26,未公布,,一般預測,運動家 @ 洛杉磯天使,洛杉磯天使,0.5051,洛杉磯天使,Final,9-3,運動家,wrong,True
2026-06-26,未公布,,一般預測,芝加哥小熊 @ 密爾瓦基釀酒人,密爾瓦基釀酒人,0.5395,密爾瓦基釀酒人,Final,2-6,密爾瓦基釀酒人,correct,True
2026-06-26,未公布,,高信心預測,科羅拉多洛磯 @ 明尼蘇達雙城,明尼蘇達雙城,0.6093,明尼蘇達雙城,Final,8-9,明尼蘇達雙城,correct,True
2026-06-26,未公布,,一般預測,費城費城人 @ 紐約大都會,費城費城人,0.5047,費城費城人,Final,2-1,費城費城人,correct,True
2026-06-26,未公布,,一般預測,辛辛那提紅人 @ 匹茲堡海盜,匹茲堡海盜,0.5158,匹茲堡海盜,Final,6-4,辛辛那提紅人,wrong,True
2026-06-26,未公布,,一般預測,洛杉磯道奇 @ 聖地牙哥教士,洛杉磯道奇,0.5145,洛杉磯道奇,Final,1-7,聖地牙哥教士,wrong,True
2026-06-26,未公布,,一般預測,亞特蘭大勇士 @ 舊金山巨人,亞特蘭大勇士,0.5024,舊金山巨人,Final,3-1,亞特蘭大勇士,correct,True
2026-06-26,未公布,,一般預測,邁阿密馬林魚 @ 聖路易紅雀,聖路易紅雀,0.5242,邁阿密馬林魚,Final,4-0,邁阿密馬林魚,wrong,True
2026-06-26,未公布,,一般預測,亞利桑那響尾蛇 @ 坦帕灣光芒,坦帕灣光芒,0.5325,坦帕灣光芒,Final,1-6,坦帕灣光芒,correct,True
2026-06-26,未公布,,一般預測,德州遊騎兵 @ 多倫多藍鳥,多倫多藍鳥,0.5141,多倫多藍鳥,Final,5-4,德州遊騎兵,wrong,True
2026-06-25,未公布,,一般預測,紐約洋基 @ 波士頓紅襪,波士頓紅襪,0.5068,紐約洋基,Final,3-6,波士頓紅襪,correct,True
2026-06-25,未公布,,一般預測,休士頓太空人 @ 底特律老虎,底特律老虎,0.5379,底特律老虎,Final,2-1,休士頓太空人,wrong,True
2026-06-25,未公布,,一般預測,芝加哥小熊 @ 紐約大都會,芝加哥小熊,0.5054,紐約大都會,Final,4-3,芝加哥小熊,correct,True
2026-06-25,未公布,,一般預測,西雅圖水手 @ 匹茲堡海盜,西雅圖水手,0.5272,西雅圖水手,Final,1-5,匹茲堡海盜,wrong,True
2026-06-25,未公布,,一般預測,運動家 @ 舊金山巨人,舊金山巨人,0.5498,舊金山巨人,Final,9-6,運動家,wrong,True
2026-06-25,未公布,,一般預測,亞利桑那響尾蛇 @ 聖路易紅雀,聖路易紅雀,0.5,聖路易紅雀,Postponed,,,pending,False
2026-06-25,未公布,,一般預測,堪薩斯市皇家 @ 坦帕灣光芒,坦帕灣光芒,0.5264,堪薩斯市皇家,Final,2-13,坦帕灣光芒,correct,True
2026-06-25,未公布,,一般預測,德州遊騎兵 @ 多倫多藍鳥,多倫多藍鳥,0.5166,多倫多藍鳥,Final,6-5,德州遊騎兵,wrong,True
2026-06-25,未公布,,高信心預測,費城費城人 @ 華盛頓國民,費城費城人,0.5834,費城費城人,Final,10-5,費城費城人,correct,True
